NOME;MARCA;EXPOSITOR;CATEGORIA;VALOR;FICHA TÉCNICA;FOTO;;;
CAIXA MULTIFUNÇÃO MB-500;ALBATROZ;ALBATROZ FISHING;ACESSÓRIOS DE PESCA;R$ 690,00;"COMPARTIMENTO COM ATÉ 3 DIVISÕES E 2 DIVISORES MODULARES; BANDEJA MÓVEL REMOVÍVEL; ALÇA ADICIONAL DE TECIDO; TRAVA DE SEGURANÇA; CLIPE DE ENCAIXE LATERAL; DISPONÍVEL EM DUAS CORES; CONSTRUÍDA EM PLÁSTICO PP. MATERIAL: POLIPROPILENO DIMENSÕES (APROXIMADAS: 29X44,5X23,5CM PESO: 2,6KG CORES AZUL E VERDE";MB-500.JPG;;;
BOLSA PLANO ATLAS TACKLE BAG;AQUABRAZIL;PLANO;ACESSÓRIOS DE PESCA;R$ 2.999,00;BOLSA PLANO COM TRÊS ESTOJOS 3750 (COMPORTA ATÉ 4), DE CONSTRUÇÃO INOVADORA EM EVA, ÁREA MAGNÉTICA (DROPZONE) PARA SEGURAR ALICATES ENTRE OUTROS ACESSÓRIOS DE METAL NO TOPO, BASE MOLDADA À PROVA D'ÁGUA, BOLSOS INTERNOS COM ZÍPER E LATERAIS MOLDADOS.;TACKLE_BAG.JPG;;;
SMART HEAD AUTOBOAT;AUTOBOAT;AUTOBOAT INDUSTRIA E COMÉRCIO DE PRODUTOS NAÚTICOS LTDA;ACESSÓRIOS DE PESCA;R$ 2.670,00;- FUNÇÃO NOVA: AUTOPOINT JOG - COMPATÍVEL COM MOTORES ELÉTRICO ATÉ 54/55LBS - MANUSEIO APENAS PELO CONTROLE REMOTO OU APLICATIVO - CONTROLE REMOTO COM ALCANCE DE 100M COM FUNÇÕES DE LIGA/DESLIGA, VELOCIDADE, DIREÇÃO, ÂNCORA, NORTE E CRUZEIRO - ROTAÇÃO 360º COM O ACOPLADOR MECÂNICO - GPS VIA SATÉLITE - REGULADOR DE PROFUNDIDADE AUTOBOAT - BLUETOOTH (COMPATIBILIDADE COM APP) - INDICADO PARA AGUA DOCE E SALGADA - VELOCIDADES: 10 FRENTE - DESIGN REVOLUCIONÁRIO - 12 VOLTS;SMART_HEAD.JPG;;;
CAIXA ESTOJO ORGANIZADORA BRK DE ISCAS ARTIFICIAIS - ATÉ 80 ISCAS;BRK;BRK FISHING;ACESSÓRIOS DE PESCA;R$ 189,90;"COM A NOSSA CAIXA ORGANIZADORA DE ISCAS ARTIFICIAIS, VOCÊ VAI ARMAZENAR ATÉ 80 ISCAS ARTIFICIAIS COM TOTAL SEGURANÇA E ORGANIZAÇÃO. MATERIAL: PLÁSTICO DE ALTA QUALIDADE, RESISTENTE A IMPACTOS E DESGASTE; CAPACIDADE: ATÉ 80 ISCAS ARTIFICIAIS; DIMENSÕES: 42 CM X 21 CM X 18 CM; SEGURANÇA: TAMPA COM FECHAMENTO SEGURO, PROTEGENDO CONTRA ELEMENTOS EXTERNOS; COMPARTIMENTOS MODULARES: POSSIBILIDADE DE AJUSTAR O TAMANHO DOS COMPARTIMENTOS PARA SE ADEQUAR A DIFERENTES TIPOS E TAMANHOS DE ISCAS;";BRK_ISCAS.JPG;;;
POWER WRAP MACHINE;CUSTOM BY MARCOS;CUSTOM BY MARCO;ACESSÓRIOS DE PESCA;R$ 3.950,00;TORNO PROFISSIONAL PARA MONTAGEM DE VARA DE PESCA. COM VELOCIDADE CONTROLADA E DISPONÍVEL MODO PARA RESINAR E ATAR PASSADORES NA MESMA MAQUINA.;POWER_WRAP.JPG;;;
EXP 002 FLOATING STYLE;EXPRESS POLARIZADO;EXPRESS POLARIZADOS;ACESSÓRIOS DE PESCA;R$ 238,00;O ÓCULOS EXP 002 FLOATING FOI CONSTRUÍDO A PARTIR DE UMA RESINA ESPECIALMENTE FORMULADA E MOLDADA POR INJEÇÃO COM UMA DENSIDADE MENOR QUE A DA ÁGUA, PERMITINDO QUE FLUTUEM. TIPO DE LENTE: POLARIZADA ESPESSURA: 1.1MM PROTEÇÃO DA LENTE: 100% DE PROTEÇÃO CONTRA RAIOS UVA / UVB ACOMPANHA: BOX, ESTOJO EM COURO SINTÉTICO, BAG DE MICROFIBRA E CERTIFICADO DE GE;EXP_OO2.JPG;;;
OCULOS STEALTH;GRUPO WAKOKU / FLÓRIDA MARINE;ZEQUE;ACESSÓRIOS DE PESCA;R$ 2.800,00;O MELHOR POLARIZADO DO MUNDO! A ZEQUE É UMA DAS MARCAS MAIS RENOMADAS DO JAPÃO QUANDO O ASSUNTO SÃO ÓCULOS POLARIZADOS. A MARCA PROCURA DESENVOLVER SEUS PRODUTOS COM OS PRINCIPAIS PESCADORES PROFISSIONAIS UTILIZANDO AS MAIS RECENTES TECNOLOGIAS. POR QUE PROPORCIONAM CAMPO DE VISÃO CLARO E UM DESIGN ESPECIAL. CADA PEÇA É METICULOSAMENTE MONTADA, CADA DETALHE NO DESENHO TEM UM SIGNIFICADO FUNCIONAL, COMBINANDO COM LEVEZA.;OCULOS_STEALTH.JPG;;;
SHOUT POWERFUL ASSIST 25PA;GRUPO WAKOKU / FLÓRIDA MARINE;SHOUT;ACESSÓRIOS DE PESCA;R$ 134,00;"O ASSIST HOOK MAIS FORTE DO MERCADO! ESTE ASSIST HOOK É IDEAL PARA PESCARIA DE GRANDE EXEMPLARES COM METAL JIG. ELE É FEITO COM DOIS ANZOIS, SOLID RING, PERNADAS CURTAS E TRANÇADAS FEITAS COM LINHA PE EXTREMAMENTE FORTE. UMA DAS VANTAGENS DESTE ACESSÓRIO É PROPORCIONAR UMA FISGADA MELHOR E UMA CONEXÃO MAIS FORTE ENTRE A ISCA E O PEIXE. ESTA MONTAGEM FACILITA A LIBERAÇÃO DOS PEIXES, EVITA ESTRAGAR A ISCA (ARRANHA MENOS). VALE RESSALTAR QUE SÃO USADOS OS FAMOSOS ANZOIS KUDAKO, QUE POSSUEM FORMATO SIMILAR AO LIVE BAIT. O OLHO É LEVEMENTE VOLTADO PARA CIMA, GARANTINDO UM MELHOR ÂNGULO E ABERTURA PARA FISGADA; PONTA MAIS ALONGADA; FARPA PEQUENA, MAS DE TAMANHO PERFEITO PARA EVITAR QUE O PEIXE ESCAPE; ALÉM DE SER EXTREMAMENTE REFORÇADO, NÃO PERDER A AFIAÇÃO E NEM OXIDAR.";SHOUT.JPG;;;
TACKLE POUCH;GRUPO WAKOKU / FLÓRIDA MARINE;JACKALL;ACESSÓRIOS DE PESCA;R$ 330,00;MAIOR PRATICIDADE PARA LEVAR SUA TRALHA! ESTA É UMA BOLSA BASTANTE PRATICA PARA LEVAR PACOTES DE ISCAS SOFTS, ACESSÓRIOS COMO ALICATES, ENTRE OUTROS. UMM DOS DESTAQUES É SER FEITO COM MATERIAL À PROVA D´ÁGUA (NÃO TEM ZÍPER SELADO).;TACKLE_POUCH.JPG;;;
ANZOL WRM959 WIDE GAP OFFSET HEAVY DUTY HOOK;GRUPO WAKOKU / FLÓRIDA MARINE;HAYABUSA;ACESSÓRIOS DE PESCA;R$ 48,00;ANZOL REFORÇADO PARA TIRAR O PREDADOR DO MEIO DA ESTRUTURA! OS ANZOIS DA CATEGORIA EWG (SIGLA PARA EXTRA WIDE GAP, ALGO COMO ABERTURA EXTRA LARGA) SÃO CARACTERIZADOS POR UMA HASTE CURVA, CRIANDO UM ESPAÇO MAIOR ENTRE ELA E A PONTA. POR CAUSA DESSE FORMATO, É INDICADO PARA AS ARTIFICIAIS VOLUMOSAS COMO AS CRIATURAS, SHADS E CRAWS PORQUE NA HORA DA FISGADA, A ISCA DESLIZA PELA HASTE, DEIXANDO UM VÃO MAIOR PARA A PONTA DO ANZOL FICAR EXPOSTA E LIVRE PARA PENETRAR A BOCA DO PEIXE. O DIFERENCIAL DO WRM959 É TER UMA CURVA BEM AMPLA E UTILIZAR UM ARAME DE DIÂMETRO MAIS GROSSO, IDEAL PARA TIRAR O PREDADOR DE DENTRO DAS ESTRUTURAS, SEM O RISCO DE ABRIR. ELE AINDA É FEITO COM AÇO CARBONO DE ALTA QUALIDADE E RECEBE O TRATAMENTO NRB (NON REFLECTIVE BLACK) FLUORINE COATING - ACABAMENTO QUE DEIXA A SUPERFÍCIE DO ANZOL MAIS LISA E MELHORA EM ATÉ 20% A EFICIÊNCIA DAS SUAS FISGADAS. ESSE REVESTIMENTO TAMBÉM DEIXA APRESENTAÇÃO DO ANZOL MAIS NATURAL, QUASE CAMUFLADA, POR CAUSA DA COR CINZA FOSCA.;WRM959.JPG;;;
ANZOL BRUTAL LASTREADO;GRUPO WAKOKU / FLÓRIDA MARINE;RYUGI;ACESSÓRIOS DE PESCA;R$ 17,00;PARA FISGAR OS GRANDE PREDADORES! A SÉRIE HEAVY WEIGHTED BRUTAL FOI DESENVOLVIDA PELA RYUGI NO JAPÃO COM A MAIS ALTA TECNOLOGIA PARA OS PESCADORES MAIS EXIGENTES. O RESULTADO É UM MODELO DE ALTÍSSIMA PERFORMANCE, QUE USAM AÇO CARBONO DE PRIMEIRA E COM PONTADAS TRATADAS QUIMICAMENTE PARA MÁXIMO PODER DE PERFURAÇÃO E RESISTÊNCIA. A SÉRIE HEAVY WEIGH;LASTREADO.JPG;;;
SNOOK HOOK STRONG;GRUPO WAKOKU / FLÓRIDA MARINE;SASAME;ACESSÓRIOS DE PESCA;R$ 17,00;O ANZOL PREFERIDO NOS PESQUEIROS! EM SINTONIA COM O MERCADO BRASILEIRO, A SASAME LANÇOU O ANZOL SNOOK HOOK, QUE É MAIS REFORÇADO E PRATICAMENTE ÚNICO NESSA CATEGORIA. FEITO COM AÇO CARBONO EXTREMAMENTE FORTE É AFIADO QUIMICAMENTE, GARANTINDO FISGADAS CERTEIRAS E SEM DEFORMAR DURANTE A BRIGA, EVITANDO QUE O SEU GRANDE TROFÉU ESCAPE. POSSUI ACABAMENTO BLACK NÍQUEL PARA NÃO ESPANTAR O PEIXE E FORMATO INDICADO PARA ISCAS VIVAS (CAMARÃO E PEQUENOS PEIXES) E PARA OS PEIXES DE PESQUEIROS.;SNOOK_HOOK.JPG;;;
MAJOR STOCK;GRUPO WAKOKU / FLÓRIDA MARINE;MAJOR CRAFT;ACESSÓRIOS DE PESCA;R$ 210,00;ANZOIS, ASSISTS E SPINNERBAITS ORGANIZADOS! ESTE ACESSÓRIO DA MAJOR CRAFT VAI AJUDAR A MANTER A SUA TRALHA MAIS ORGANIZADA. ELE É FEITO COM MATERIAL REFORÇADO, FECHAMENTO EM VELCRO E POSSUI 10 DIVISÓRIAS COM FECHO TIPO ZIP LOCK, EM QUE VOCÊ CONSEGUE COLOCAR O PACOTE INTEIRO DE ANZOIS E SUAS CARTELAS, O QUE FACILITA A IDENTIFICAR CADA MODELO.;MAJOR_STOCK.JPG;;;
DOCUTTE 4300;GRUPO WAKOKU / FLÓRIDA MARINE;RINGSTAR;ACESSÓRIOS DE PESCA;R$ 480,00;A CAIXA DE PESCA DEFINITIVA! FEITA COM PLÁSTICO USADO PELA INDÚSTRIA AUTOMOBILÍSTICA PARA A PRODUÇÃO DE PARA-CHOQUES, A DOCUTTE É EXTREMAMENTE FORTE E TEM UM AMPLO ESPAÇO INTERNO. ESTA CAIXA GRANDE BANDEJA PARA AJUDAR NA ORGANIZAÇÃO DOS SEUS EQUIPAMENTOS. A TAMPA PODE SER ABERTA E FECHADA TANTO DO LADO ESQUERDO QUANTO DO DIREITO, ALÉM DE PODER SER UTILIZADA COMO BANCO. POSSUI UM PORTA-VARAS COMO ACESSÓRIO OPCIONAL E É IDEAL PARA PESCARIAS NO MAR, POIS PROTEGE BEM O MATERIAL DOS RESPINGOS DE ÁGUA.;DOCUTTE.JPG;;;
HEAT CUTTER II;GRUPO WAKOKU / FLÓRIDA MARINE;XBRAID;ACESSÓRIOS DE PESCA;R$ 427,00;CORTE PRECISO EM QUALQUER SITUAÇÃO! ESSE APARELHO DO TAMANHO DE UMA CANETA TEM DUAS FUNÇÕES: CORTAR A LINHA E FAZER ACABAMENTO DO NÓ COM A VANTAGEM DO CORTE PRECISO MESMO EM SITUAÇÕES DE VENTO. ESTE CORTADOR PODE SER CARREGADO VIA USB, PODENDO SER UTILIZADO PARA TODOS OS TIPOS LINHAS (MULTI, NYLON E FLÚOR).;HEAT_CUTTER.JPG;;;
SPLIT COM SOLID OS-12;GRUPO WAKOKU / FLÓRIDA MARINE;ODZ;ACESSÓRIOS DE PESCA;R$ 112,00;CONEXÃO EXTREMAMENTE FORTE! O COMBO SOLID RING COM SPLIT RING DA ODZ É EXTREMAMENTE FORTE. TRATA-SE DE UM ACESSÓRIO FUNDAMENTAL PARA A MONTAGEM DE SEU ASSIST HOOK, POIS PROPORCIONA FACILIDADE NA TROCA DE ISCAS, MAS COM UMA INCRÍVEL RESISTÊNCIA. ESTE ACESSÓRIO, ALÉM DA PESCA VERTICAL, TAMBÉM VEM SENDO USADA EM PESCARIAS DE ÁGUA DOCE, COMO A DE TUCUNARÉ AÇU.;OS_12.JPG;;;
D-FENSE PRO AMBIENTE;HAXEA;IPANEMA INDÚSTRIA DE PRODUTOS VETERINÁRIOS LTDA.;ACESSÓRIOS DE PESCA;R$ 42,00;Nº REGISTRO NO M.S./ANVISA: 3.2380.0042 NOME QUÍMICO: TRANSFLUTRINA CLASSE: INSETICIDA COM FÓRMULA INOVADORA, D-FENSE PRO AMBIENTE É UM INSETICIDA DE MICRODOSE PARA AMBIENTES. AO ACIONAR A VÁLVULA, D-FENSE PRO AMBIENTE LIBERA MICROPARTÍCULAS QUE SE ESPALHAM RAPIDAMENTE PELO AR, TORNANDO-SE PARTE DA DINÂMICA DO AMBIENTE E GARANTINDO QUE ELE FIQUE LIVRE DE MOSQUITOS E INSETOS DE MANEIRA PRÁTICA E EFICAZ. É INDICADO CONTRA MOSQUITOS (AEDES AEGYPTI, ANOPHELES AQUASALIS E CULEX QUINQUEFASCIATUS), TRANSMISSORAS DA DENGUE, CHIKUNGUNYA, ZIKA VÍRUS, FEBRE AMARELA E MALÁRIA, MOSCAS DOMÉSTICAS E INSETOS RASTEIROS, COMO BARATAS E FORMIGAS DOCEIRAS.;D-FENSE-A.JPG;;;
D-FENSE PRO TECIDOS 250 ML;HAXEA;IPANEMA INDÚSTRIA DE PRODUTOS VETERINÁRIOS LTDA.;ACESSÓRIOS DE PESCA;R$ 69,00;Nº REGISTRO NO M.S./ANVISA: 3.2380.0031 NOME QUÍMICO: PERMETRINA CLASSE: REPELENTE D-FENSE PRO TECIDOS É PARA SER APLICADO DIRETAMENTE SOBRETECIDOS EM GERAL. . É INDICADO PARA REPELIR INSETOS, COMO O AEDES AEGYPTI (MOSQUITO TRANSMISSOR DA DENGUE, ZIKA, CHIKUNGUNYA E FEBRE AMARELA), CULEX QUINQUEFASCIATUS (TAMBÉM CONHECIDO COMO MURIÇOCA) E ANOPHELES AQUASALIS (MOSQUITO TRANSMISSOR DA MALÁRIA).;D-FENSE-T.JPG;;;
SUPORTE PARA VARA SEA HORSE;HP MOTONÁUTICA;HP PESCA, MOTO, NÁUTICA;ACESSÓRIOS DE PESCA;R$ 69,00;SUPER NOVIDADE NO PESCA E COMPANHIA TRADE SHOW 2025. GUARDE SUAS VARAS COM SOFISTICAÇÃO, ORGANIZAÇÃO E TRANQUILIDADE. SUPORTE FIXO DE PAREDE PARA GUARDAR VARAS. RESISTENTE A ÁGUA, COM MOLAS EM AÇO INOX E ACABAMENTO PREMIUM. ELE É TODO EMBORRACHADO PARA NÃO DANIFICAR AS VARAS. CAPACIDADE: ATÉ 6 VARAS MEDIDAS: 30CM(C) X 5CM(A) X 3CM(L);VARA_SEA_HORSE.JPG;;;
ÓCULOS POLARIZADO YARA DARK VISION;ISCAS YARA;YARA ISCAS ARTIFICIAIS;ACESSÓRIOS DE PESCA;R$ 179,90;ÓCULOS POLARIZADO YARA DARK VISION MODELO C2407, DESENVOLVIDO EM PARCERIA COM O GRANDE PESCADOR CADU, FOI PROJETADO PARA OTIMIZAR A VISUALIZAÇÃO DOS PEIXES EM SEU HABITAT NATURAL, SEM ABRIR MÃO DO CONFORTO E ESTILO DURANTE A PESCARIA. SUAS LENTES POLARIZADAS TAC (TRI ACETATO DE CELULOSE) POSSUEM PROTEÇÃO UV 400 QUE BLOQUEIAM OS RAIOS UVA / UVB.;DARK_VISION.JPG;;;
KASTKING BRUTUS RED ( PASSAGUÁ );KASTKING;KASTKING;ACESSÓRIOS DE PESCA;R$;REDE DE POUSO DOBRÁVEL KASTKING BRUTUS COM GANCHO PARA BARCO, DOBRÁVEL, EXPANSÍVEL, LEVE E FORTE, GANCHO MULTIFUNCIONAL INTEGRADO PARA BARCO, ALÇA TPR LARANJA BRILHANTE E ANTIDERRAPANTE, LARGE COLOR RED DE PVC MATERIAL ALUMINIO PESO 2,09 LIBRAS;KASTKING.JPG;;;
BANQUETA PARA PESCA RELAX;MARIA PESCA;MARIA PESCA;ACESSÓRIOS DE PESCA;R$ 120,00;BANQUETA RELAX DA MARIA PESCA DIMENÇÃO ALTURA : 70CM LARGURA: 40CM COMPRIMENTO: 43CM FABRICADA EM FERRO 7/8 PAREDE 1,06 PINTURA EPOXI ACENTO E ENCOSTO EM PVC SAPATA DE PROTEÇÃO;BANQUETA_RELAX.JPG;;;
BOLSA M-BP25;MARINE;MARINE;ACESSÓRIOS DE PESCA;R$ 519,00;BOLSA DE PESCA COM FUNDO RÍGIDO E IMPERMEÁVEL. POSSUI ALÇA REMOVÍVEL, ZÍPERES REFORÇADOS E DIVERSOS COMPARTIMENTOS PARA ACESSÓRIOS. CAPACIDADE: 25 LITROS DIMENSÕES: 30X50X30 CM ACOMPANHA 5 CAIXAS MULTIUSO TAMBÉM DISPONÍVEL PARA VENDA SEM CAIXAS MULTIUSO E EM TAMANHOS MENORES (15 E 20 LITROS).;M-BO25.JPG;;;
FIXADOR HIBRIDO DE CARBONO E TITÂNIO (TC-FBCSK13);MORO DECONTO/FUJI;FUJI;ACESSÓRIOS DE PESCA;R$ 599,99;"OS FIXADORES TCH (TITANIUM CARBON HYBRID) DE ÚLTIMA GERAÇÃO, MOLDADOS EM POLÍMERO COM FIBRA DE CARBONO E TITÂNIO, APRESENTAM CARACTERÍSTICAS DE ALTA RESISTÊNCIA, RIGIDEZ E CORROSÃO ZERO QUE; ALÉM DA LEVEZA ELEVAM A FIXAÇÃO DA CARRETILHA A UMA NOVA ERA DE CONFORTO, SENSIBILIDADE E POTÊNCIA.";TC-FBCS13.JPG;;;
TRANSDUCER HUMMINBIRD MEGA LIVE 2;AQUABRAZIL;HUMMINBIRD;ACESSÓRIOS NÁUTICOS;R$ 13.800,00;TRANSDUCER HUMMINBIRD QUE POSSUI SINAL EM TEMPO REAL (REAL TIME) COMPATÍVEL COM SONARES DA MARCA. PERMITE TRÊS MODOS DE VISUALIZAÇÃO: DOWN MODE (PARA BAIXO), FORWARD MODE (PARA FRENTE) E LANDSCAPE MODE (PAISAGEM). ALCANCE DE 20X120 GRAUS E ATÉ 100 PÉS (30 M) DE DISTÂNCIA, DEPENDENDO DO MODO UTILIZADO;TRANSDUCER.JPG;;;
BATERIA DE LITIO LIFEPO4 ROYPOW 36V 100AMP;AQUABRAZIL;ROYPOW;ACESSÓRIOS NÁUTICOS;R$ 16.390,00;BATERIA DE LÍTIO LIFEPO4, FOSFATO DE FERRO LÍTIO, TERMINAL TIPO F2, IP67 (PROTEÇÃO TOTAL CONTRA POEIRA E IMERSÃO ATÉ 1 METRO EM ÁGUA DOCE POR 30 MINUTOS), MONITORAMENTO POR APLICATIVO, ALÇA PARA TRANSPORTE, DIMENSÕES DE 50 X 26 X 26 CM E PESO DE 34KG;ROYPOW.JPG;;;
COLETE AUTO-INFLAVEL BALTIC MODELO WINNER HARNESS 165N;AQUABRAZIL;BALTIC;ACESSÓRIOS NÁUTICOS;R$ 1.480,00;COLETE DE FLUTUAÇÃO AUTO-INFLÁVEL BALTIC WINNER HARNESS 165N DE MATERIAL EXTRA FORTE, SUPER ANATÔMICO, COM ARNÊS DE SEGURANÇA, CINTO AJUSTÁVEL, ISO 12402-6, CILINDRO DE CO2 E CAPACIDADE DE 40-150 KG;165N.JPG;;;
CAIXA COZINHA PORTATIL RONDON;BARCOS RONDON;BARCOS E CARRETAS RONDON;ACESSÓRIOS NÁUTICOS;R$ 3.500,00;"DIMENSÕES: 55 X 35 X 43 CM. PESO: APROXIMADAMENTE 13 KG. MATERIAL: ALUMÍNIO/ PINTURA ELETROSTÁTICA; ACESSÓRIOS: 1 FOGÃO INOX, 1 FRIGIDEIRA, 1 CAÇAROLA, 1 ESCUMADEIRA, 6 COPOS DE ACRÍLICO, 6 PRATOS DE MELANINE, 3 PORTA MANTIMENTOS, 4 PORTA TEMPERO INOX, 6 GARFOS E 6 FACAS";CAIXA.JPG;;;
SUPORTE PARA 3 VARAS BARCO BASS BOAT REGULÁVEL;HP MOTONÁUTICA;HP PESCA, MOTO, NÁUTICA;ACESSÓRIOS NÁUTICOS;R$ 449,00;*NOVIDADE NO PESCA E COMPANHIA TRADE SHOW 2025! *AUMENTE SUA EFICIÊNCIA E ORGANIZAÇÃO NA PESCA COM NOSSO SUPORTE PARA 3 VARAS BARCO BASS BOAT REGULÁVEL *IDEAL PARA LANCHAS, BARCOS, CAIAQUES, BOTES E STAND UP *A BASE QUE FIXA O SUPORTE NA EMBARCAÇÃO É FACILMENTE REMOVÍVEL DO SUPORTE SEMPRE QUE NECESSÁRIO E PODE SER INSTALADA TANTO NA LATERAL QUANTO NA SUPERFÍCIE DA EMBARCAÇÃO. *POSSUI UM SISTEMA ESCAMOTEÁVEL PRÁTICO, QUE PERMITE REGULAR O SUPORTE EM VÁRIOS ÂNGULOS. *TEM UM REBAIXAMENTO ONDE ENCAIXA A VARA IDEAL PARA VARAS COM MOLINETE OU CARRETILHA. *VEM COM FUROS PARA PRENDER ANZÓIS, ISCAS, ALICATES, FACAS E OUTROS EQUIPAMENTOS PARA PESCA. *3 SUPORTES COM 25 CM DE ALTURA E 6 CM DE DIÂMETRO E 12 CM DE DISTÂNCIA UM DO OUTRO. *1 BASE COM 10 CM DE COMPRIMENTO E 4,5 CM DE LARGURA *ALTURA TOTAL DO SUPORTE 42 CM *COR: PRETO *MATERIAL: POLIPROPILENO;BASS.JPG;;;
JACK PLATE MECÂNICO 300HP;MORO DECONTO/FUJI;DECONTO NÁUTICA;ACESSÓRIOS NÁUTICOS;R$ 6.025,80;"NOVO JACK PLATE MECÂNICO 300HP DA DECONTO NÁTUCIA, A PEÇA QUE FALTAVA PARA SUA NAVEGAÇÃO DE ALTA PERFORMANCE. AJUSTE FÁCIL E PRECISO, MAIS VELOCIDADE E ECONOMIA PARA SUA EMBARCAÇÃO. DISPONÍVEL EM 6"", 8"" E 10"" POLEGADAS.";300HP.JPG;;;
COLETE SALVA VIDA - TIPO BOIA DE BRAÇO - MOD BABYA;RIOS E MARES;SBS BRASIL SUL SALVATAGEM LTDA - RIOS E MARES;ACESSÓRIOS NÁUTICOS;R$ 115,00;COLETE SALVA VIDAS, HOMOLOGADO PELA MARINHA DO BRASIL, CLASSE V, COM ESTAMPA EXCLUSIVA PARA IDENTIFICAR CRIANÇAS NO ESPECTRO AUTISTA. ÚNICO TAMANHO 15 ATÉ 25 KG. CONFECCIONADO NO TECIDO POLIAMIDA, TIRANTES EM POLIPROPILENO 40MM, ENCHIMENTO POLIETILENO DE CÉLULAS FECHADAS 6MM E FECHO EM POLIACETAL 40MM.;BABYA.JPG;;;
COLETES SALVA VIDAS - TIPO JALECO - MOD HSLA;RIOS E MARES;SBS BRASIL SUL SALVATAGEM LTDA - RIOS E MARES;ACESSÓRIOS NÁUTICOS;R$ 145,00 A R$ 205,00;COLETES SALVA VIDAS, HOMOLOGADOS PELA MARINHA DO BRASIL, CLASSE V, COM ESTAMPA EXCLUSIVA PARA IDENTIFICAR PESSOAS NO ESPECTRO AUTISTA. EM VÁRIOS TAMANHOS: PP,P,M,G E EG. CONFECCIONADO NO TECIDO POLIÉSTER, VIVO EM POLIPROPILENO, TIRANTES EM POLIPROPILENO 25MM, ENCHIMENTO POLIETILENO DE CÉLULAS FECHADAS 6MM E FECHOS EM POLIACETAL 25MM.;HSLA.JPG;;;
CARRETILHA KAYMAN;ALBATROZ;ALBATROZ FISHING;CARRETILHA;R$;"MATERIAL: CARBONO E ALUMÍNIO; ROLAMENTOS: 6+1; RECOLHIMENTO: 8.1:1; DRAG: 8KG (3 DISCOS DE CARBONO + 2 DE AÇO INOX + 1 DURALUMÍNIO); PESO (APROXIMADO): 156G CAPACIDADE DE LINHA (MM/M): 0.14/200 - 0.24/130; GUIA FIO TRIANGULAR EM NITRETO E TITÂNIO; FREIO MAGNÉTICO CORPO E CARRETEL EM ALUMÍNIO REFORÇADO; ESTRELA DE FRICÇÃO E TAMPA LATERAL EM FIBRA DE";KAYMAN.JPG;;;
CARRETILHA SEVIIN ST CROIX GF SERIES;AQUABRAZIL;SEVIIN - ST. CROIX;CARRETILHA;R$ 1.288,00;CARRETILHA SEVIIN GF SERIES, 5 ROLAMENTOS (4 +1) DE AÇO INOX, COROA/PINHÃO DE LATÃO, CHASSI/TAMPA EM GRAFITE DE PEÇA ÚNICA, MANIVELA DE CARBONO, CARRETEL DE ALUMÍNIO, DRAG (FREIO) DE 15LBS (6,8 KG) MULTI-SLACK EM FIBRA DE CARBONO/AÇO INOX, GEAR RATIO (VELOCIDADE) 8.1:1, CONTR. MAGNÉTICO DE ARREMESSO MICRO AJUSTÁVEL, DISCO INDICADOR DE LINHA E 207G;CROIX_GF.JPG;;;
CARRETILHA (SPEED DEMON ELITE);KASTKING;KASTKING;CARRETILHA;R$;- CARRETILHA DE PESCA MAIS RÁPIDA DO MERCADO! VELOCIDADE DE RECOLHIMENTO: 10.5:1 ? DRAG DE 17,6LB | 8KG ? SISTEMA DE FRICÇÃO MULTIDISCOS DE CARBONO ? PESO: 190G ? CAPACIDADE DE LINHA: 150M DE 0.25MM / 105M DE 0.30MM ? ENGRENAGEM EM ALUMÍNIO 7075 AEROESPACIAL SUPER REFORÇADO ? PINHÃO EM LATÃO COM MANGANÊS DE ALTA RESISTÊNCIA ? 10 + 1 ROLAMENTOS EM AÇO INÓX ? POSSUI GUIA DE LINHA CÔNICO REVESTIDO EM CERÂMICA ? CORPO EM ALUMÍNIO AEROESPACIAL CNC ? FREIO CENTRÍFUGO E CONTROLE DE TENSÃO DO CARRETEL.;DEMON_ELITE.JPG;;;
VENATOR ACX;MARINE;MARINE;CARRETILHA;R$ 1.149,00;CHASSI EM ALUMÍNIO E LATERAIS EM CARBONO. PINHÃO EM LATÃO APOIADO POR ROLAMENTO. COROA EM DURALUMÍNIO. GUIA DE LINHA REVESTIDO EM TITÂNIO COM 2 ESTÁGIOS. BOTÕES DE AJUSTE E ESTRELA PONTO A PONTO. SISTEMA DE CONTROLE DE ARREMESSO MAGLEV. ROLAMENTOS 10+1. VELOCIDADE DE RECOLHIMENTO 8.3:1. IPT 88CM. HOOK HOLDER SINAL SONORO DE SAÍDA DE LINHA. DRAG7KG;VENATOR-ACX.JPG;;;
LANCHA NAVIS 650X;BARCOS RONDON;BARCOS E CARRETAS RONDON;EMBARCAÇÃO / CAIAQUE;R$ 115.800,00;CAPACIDADE DE CARGA 550 KG NÚMERO DE TRIPULANTES 01 NÚMERO DE PASSAGEIROS 06 PESO APROXIMADO 600 KG MOTORIZAÇÃO 175 - 300 HP COMPRIMENTO DO BARCO 6.50 M BOCA MÁXIMA 2.30 M PONTAL 0.78 M CALADO 0.15 M ESPESSURA DO COSTADO 2.0 MM ESPESSURA DO CASCO 3.0;650X.JPG;;;
ROVERCAT 190;MURANO;MURANO YACHTS;EMBARCAÇÃO / CAIAQUE;R$ 189.900,00;LANCHA, CASCO CATAMARÃ MONOMOTOR DE 19 PÉS, FABRICADA EM FIBRA DE VIDRO. UNICA LANCHA NA SUA CATEGORIA DESENVOLVIDA ESPECIALMENTE PARA PRATICA DA PESCA COM CAIXAS DE PEIXE, CAIXAS DE ISCA VIVA, CIRCULAÇÃO 360º E CONSOLE CENTRAL. IDEAL PARA PESCA, MERGULHO E LAZER NO MAR, RIOS E REPRESAS.;ROVERCAT.JPG;;;
CAMA DOBRAVEL ZDC-182;ALBATROZ;ALBATROZ FISHING;ESPORTE OUTDOOR E CAMPING / CUTELARIA;R$ 450,00;DOVRÁVEL E EXTREMAMENTE FÁCIL DE MONTAR | TECIDO REFORÇADO EM OXFORD 6000 | PESO DO PRODUTO: 3,6KG | DISTÂNCIA DO CHÃO DO ASSENTO: 30CM | TAMANHO: 182X60CM | MATERIAL:TECIDO OXFORD 600D, FERRO, POLITILENO | RESISTÊNCIA: 150KG | TAM.TUBO: 25MM, ESPESSURA DE 0,7MM;ZDC-182.JPG;;;
CANIVETE CIMO COLOMBO INOX CABO FIBRA CARB C/CLIP;CIMO;CUTELARIA CIMO;ESPORTE OUTDOOR E CAMPING / CUTELARIA;R$ 147,90;COMEÇANDO COM A LÂMINA, O CANIVETE COLOMBO POSSUI UMA LÂMINA DE AÇO INOX 420C RESISTENTE DE 2,5MM, COM PERFIL CLIP POINT . O ACABAMENTO STONE WASHED, PRODUZIDO POR UM MODERNO PROCESSO DE CORTE A LASER, TRAZ UMA BELEZA ÚNICA E RESISTÊNCIA INCOMPARÁVEL, DESTACANDO O CANIVETE INOX NO UNIVERSO DA CUTELARIA.;FIBRA-CARB.JPG;;;
FOGAREIRO DESMONTAVEL CIMO INOXFIRE 12 COM BAG VDE;CIMO;CUTELARIA CIMO;ESPORTE OUTDOOR E CAMPING / CUTELARIA;R$ 90,59;MATERIAL PREMIUM: FABRICADO EM AÇO INOX DE ALTA QUALIDADE, COM CERTIFICAÇÃO QUE ASSEGURA SUA DURABILIDADE E RESISTÊNCIA. LEVE E COMPACTO: COM PESO DE APENAS 528 GRAMAS, É FÁCIL DE TRANSPORTAR E NÃO ADICIONA PESO DESNECESSÁRIO À SUA MOCHILA OU BAGAGEM. DIMENSÕES IDEAIS: QUANDO MONTADO, POSSUI AS MEDIDAS C: 13,2 X L14,0 X A 15,5 CM. DESMONTADO E ACONDICIONADO NA BOLSA, FICA COM DIMENSÕES DE 16 X 15 X 1 CM. DESIGN EXCLUSIVO CIMO: CORTADO A LASER PARA GARANTIR PRECISÃO IMPECÁVEL NA MONTAGEM, POSSUI UM DESIGN CONTEMPORÂNEO QUE COMBINA COM QUALQUER AMBIENTE. BOLSA DE TRANSPORTE DE QUALIDADE: ACOMPANHA UMA BOLSA ROBUSTA FABRICADA EM NYLON 600, ASSEGURANDO PROTEÇÃO E FACILIDADE NO TRANSPORTE DO SEU FOGAREIRO. DUAS VARIAÇÕES DE USO: CHAPA PARA USO COM A CHAMA FECHADA E AQUECIMENTO E ATÉ MESMO GRELHAR, E OPÇÃO DE CHAMA ABERTA PARA USO COM PANELAS OU ATÉ MESMO CHURRASCO.;INOXFIRE.JPG;;;
CONJUNTO CIMO TRAVEL VERDE POINT CLEAVER - DUPLO;CIMO;CUTELARIA CIMO;ESPORTE OUTDOOR E CAMPING / CUTELARIA;R$ 108,65;BAG DE TRANSPORTE EXCLUSIVA: FABRICADA EM NYLON 600, NA VERSÃO VERDE, GARANTINDO PROTEÇÃO E PRATICIDADE NO TRANSPORTE DE SEU KIT, ALIADO AO FECHAMENTO COM A FIVELA EM AÇO INOX CIMO. MADEIRA CERTIFICADA FSC® : FOREST STEWARDSHIP COUNCIL® TÁBUA SLIM EM JATOBÁ: CORTADA POR UM PROCESSO COMPUTADORIZADO, ESTA TÁBUA É FEITA DE UMA PEÇA ÚNICA DE JATOBÁ, SEM EMENDAS, TRAZENDO ELEGÂNCIA E DURABILIDADE. FACA CLEAVER DE ALTO DESEMPENHO: FABRICADA EM AÇO INOX E COM PERFIL CLEAVER, ESTA FACA ULTRA LEVE TEM UM ACABAMENTO STONE WASHED, IDEAL PARA CORTES PRECISOS E RÁPIDOS. GARFO MULTIFUNCIONAL: ALÉM DE SER TEMPERADO, ESTE GARFO VEM COM UM ABRIDOR DE GARRAFAS EMBUTIDO, TORNANDO-O UMA FERRAMENTA ESSENCIAL PARA QUALQUER AVENTURA. FACA CLIP POINT DE ALTO DESEMPENHO: FABRICADA EM AÇO INOX E COM PERFIL CLIP POINT, ESTA FACA ULTRA LEVE TEM UM ACABAMENTO STONE WASHED, IDEAL PARA CORTES PRECISOS E RÁPIDOS. DESIGN INTUITIVO E ELEGANTE: PENSADO PARA SER LEVE E FÁCIL DE USAR, CADA COMPONENTE DESTE KIT É UMA PROVA DO COMPROMISSO DA CUTELARIA CIMO COM A EXCELÊNCIA.;CLEAVER.JPG;;;
CHURRASQUEIRA DESMONTAVEL CIMO INOX TRAVEL COM BAG;CIMO;CUTELARIA CIMO;ESPORTE OUTDOOR E CAMPING / CUTELARIA;R$ 578,64;PESO: 3,4 KG LARGURA: 32 CM COMPRIMENTO: 23 CM ALTURA: 18 CM ÁREA DE GRELHA: 30 X 21,5 CM MATERIAL: AÇO INOX 100% POTÊNCIA: 8500 BTU/H SISTEMA DE VÁLVULA DE SEGURANÇA E ROSCA EN 417:2012;INOX-TRAVEL.JPG;;;
LEATHERMAN ARC;CROSSTER;LEATHERMAN;ESPORTE OUTDOOR E CAMPING / CUTELARIA;R$ 2.421,71;O LEATHERMAN ARC É A PRIMEIRA MULTIFERRAMENTA A INCLUIR O AÇO PREMIUM MAGNACUT. SUA LÂMINA PRINCIPAL É FEITA DE AÇO CPM MAGNACUT QUE MANTÉM O FIO POR MUITO MAIS TEMPO E SE DESTACA EM RESISTÊNCIA À CORROSÃO, TENACIDADE E FACILIDADE DE AFIAÇÃO. O RESULTADO É UMA LÂMINA PERFEITA PARA TAREFAS DIÁRIAS E TAMBÉM PARA OS AMBIENTES MAIS ADVERSOS. O REVESTI 20 FERRAMENTAS LÂMINA EM AÇO CPM MAGNACUT ALICATE DE PONTA FINA ALICATE REGULAR DRIVER DE BITS GRANDE LIMA REVESTIDA DE DIAMANTES DRIVER DE BITS PEQUENO LIMA DE MADEIRA/METAL FERRAMENTA DE ALAVANCA CORTADORES DE FIO SUBSTITUÍVEIS PREMIUM CORTADORES DE FIO RÍGIDO SUBSTITUÍVEIS PREMIUM SUPERFÍCIE DE IMPACTO CHAVE DE FENDA GRANDE ABRIDOR DE GARRAFA ABRIDOR DE LATA SOVELA (FURADOR) TESOURA COM AÇÃO DE MOLA SERRA DESCASCADOR DE FIOS CRIMPADOR ELÉTRICO LIMA DE BORDA;LEATHERMAN.JPG;;;
LAREIRA / CHURRASQUEIRA MULTI-FUNCIONAL PETROMAX ATAGO;CROSSTER;PETROMAX;ESPORTE OUTDOOR E CAMPING / CUTELARIA;R$ 2.096,21;"COMPACTO E PORTÁTIL COMBINA GRELHA, FOGÃO, FORNO E LAREIRA / FIRE-PIT COMPÁTIVEL COM CARVÃO, BRIQUETES E LENHA AQUECIMENTO EFICAZ PELO ""EFEITO CHAMINÉ"" FOGO COM POUCA FUMAÇA GRAÇAS AO DESIGN DE PAREDE DUPLA E SISTEMA DE COMBUSTÃO SECUNDÁRIA";PETROMAX.JPG;;;
BARRACA SEA TO SUMMIT IKOS LIGHTWEIGHT TR2;CROSSTER;SEA TO SUMMIT;ESPORTE OUTDOOR E CAMPING / CUTELARIA;R$ 3.634,43;IDEAL PARA DUAS PESSOAS A ARQUITETURA TENSION RIDGE ENTREGA UMA PROPORÇÃO SUPERIOR DE ÁREA ÚTIL X PESO DO QUE BARRACAS SIMILARES, OFERECENDO MUITO MAIS ESPAÇO AO REDOR DA CABEÇA E OMBROS O TENSION RIDGE PERMITE AMPLA VENTILAÇÃO NO PONTO MAIS ALTO DA BARRACA, AJUDANDO A MINIMIZAR O ACÚMULO DE CONDENSAÇÃO. AO CONTRÁRIO DA MAIORIA DOS DESIGNS DE VENTILAÇÃO, O APEX VENT NÃO REQUER UM PAINEL DE TELA PARA MANTER A TENSÃO ATRAVÉS DO SOBRE-TETO - PERMITINDO ATÉ 70% MAIS FLUXO DE AR, SEM RESTRIÇÕES PELA TELA BASELINE VENTS PERMITEM CONTROLAR O FLUXO DE AR E GERENCIAR A UMIDADE E A CONDENSAÇÃO EM CONDIÇÕES ÚMIDAS SEM DEIXAR A CHUVA ENTRAR MÚLTIPLAS OPÇÕES DE CONFIGURAÇÃO SIGNIFICAM QUE AS BARRACAS SÃO CAPAZES DE SE ADAPTAR AO CLIMA OU À SUA ATIVIDADE O SOBRE-TETO PODE SER MONTADO PRIMEIRO, GARANTINDO QUE O INTERIOR SE MANTENHA SECO DURANTE O PROCESSO DE MONTAGEM E DESMONTAGEM OS PAINÉIS INTERNOS DE MALHA SÃO PROJETADOS PARA PERMITIR O MAIOR FLUXO DE AR MANTENDO SIMULTANEAMENTE PROTEÇÃO CONTRA INSETOS PEQUENOS, COMO MOSQUITOS E MOSCAS DE AREIA;TR2.JPG;;;
PANELA DOBRÁVEL SEA TO SUMMIT FRONTIER UL COLLAPSIBLE POURING POT 2L AZUL;CROSSTER;SEA TO SUMMIT;ESPORTE OUTDOOR E CAMPING / CUTELARIA;R$ 603,56;"DESIGN COLAPSÁVEL QUE ECONOMIZA ESPAÇO, EXPANDINDO-SE PARA SE TORNAR UMA PANELA DE 2,2 L BASE EM ALUMÍNIO LIGA LEVE DE ANODIZAÇÃO DURA QUE GARANTE EXCELENTE TRANSFERÊNCIA DE CALOR CABO CLICK-SAFE PERMITE MANUSEIO SEGURO; SERVE COMO TRAVA PARA A TAMPA E O CONTEÚDO DA CAÇAROLA DURANTE O TRANSPORTE FABRICADO COM MATERIAIS ATÓXICOS TECNOLOGIA LIDKEEP PERMITE QUE A TAMPA SEJA PRESA NA LATERAL DA PANELA PROJETADO PARA SE ENCAIXAR COM UTENSÍLIOS DA LINHA FRONTIER O AMPLO ESPAÇO ENTRE A BASE E AS LATERAIS DA PANELA FACILITA O MANUSEIO DOS ALIMENTOS - MEXER E VIRAR A COMIDA DENTRO DA PANELA NUNCA FOI TÃO FÁCIL! PROJETADO PARA ENCAIXAR PERFEITAMENTE COM AS COLHERES DA SEA TO SUMMIT";COLLAPSIBLE.JPG;;;
CHALEIRA COLAPSÁVEL SEA TO SUMMIT FRONTIER ULTRALIGHT;CROSSTER;SEA TO SUMMIT;ESPORTE OUTDOOR E CAMPING / CUTELARIA;R$ 458,48;CHALEIRA COLAPSÁVEL ULTRALEVE COM CAPACIDADE DE 1,1 L IDEAL PARA PEQUENAS AVENTURAS CASO DESEJE COZINHAR, TAMBÉM PODE SER USADO COMO PANELA PEQUENA APRESENTA BASE E TAMPA EM ALUMÍNIO ANODIZADO COM PEGADOR DE SILICONE EMBORRACHADO ALÇAS DUPLAS EM NYLON REFORÇADO COM FIBRA DE VIDRO PROPORCIONAM MAIOR CONTROLE AO DESPEJAR FABRICADO COM SILICONE ATÓXICO E ALUMÍNIO, RESULTANDO EM UM PRODUTO LEVE E DURÁVEL A BASE EM ALUMÍNIO ANODIZADO GARANTE EXCELENTE TRANSFERÊNCIA DE CALOR, PREVENINDO HOT SPOTS;ULTRALIGHT.JPG;;;
HOLOFOTE PORTÁTIL LEDLENSER AF4R WORK;CROSSTER;LEDLENSER;ESPORTE OUTDOOR E CAMPING / CUTELARIA;R$ 1.515,89;REFLETOR DE ALTA POTÊNCIA COM 2000 LUMENS, 5 NÍVEIS DE BRILHO E LUZ AJUSTÁVEL EM 5 ETAPAS TECNOLOGIA MULTI-CONCENTRATED LIGHT OFERECE ILUMINAÇÃO DIRECIONADA EFICIENTE, MÁXIMA ILUMINAÇÃO E REDUZ O OFUSCAMENTO FUNCIONAMENTO HÍBRIDO: UTILIZE COM BATERIA OU COM A FONTE DE ENERGIA ELÉTRICA INCLUSA CORPO EM ALUMÍNIO ROBUSTO E ALTA PROTEÇÃO CONTRA ÁGUA E POEIRA (IP67) COMPATÍVEL COM BLUETOOTH, PODE USAR CONTROLE VENDIDO SEPARADAMENTE;LEDLENSER.JPG;;;
LAMPIÃO LED FEUERHAND BABY SPECIAL 276 AZUL;CROSSTER;FEUERHAND;ESPORTE OUTDOOR E CAMPING / CUTELARIA;R$ 707,72;LANTERNA LED FEUERHAND COM VISUAL ATEMPORAL PODEROSA: LED BRANCO QUENTE COM FLUXO LUMINOSO DE 150 LM ACONCHEGANTE: LED DIMERIZÁVEL (2-150 LM) VERSÁTIL: ILUMINAÇÃO AMBIENTE PARA ÁREAS INTERNAS E EXTERNAS A QUALQUER HORA EFICIENTE: AUTONOMIA DE ILUMINAÇÃO DE ATÉ 18 DIAS DESIGN E CORES PARA QUALQUER AMBIENTE FABRICADO DA ALEMANHA;FEUERHAND.JPG;;;
COOLER BOX THERMO PREMIUM 20 LITROS ? SEA HORSE;HP MOTONÁUTICA;HP PESCA, MOTO, NÁUTICA;ESPORTE OUTDOOR E CAMPING / CUTELARIA;R$ 669,00;O COOLER BOX THERMO-PREMIUM SEA HORSE É A MAIOR INOVAÇÃO DO MERCADO DE CAIXAS TÉRMICAS PORTÁTEIS. POSSUI UM ISOLAMENTO TÉRMICO EXTRA. SUA ABERTURA DE BOCA E O RESISTENTE LEAK PROOF ZIPPER FACILITAM O CARREGAMENTO E O ACESSO A ALIMENTOS E BEBIDAS, AUMENTANDO A DURABILIDADE E O PODER DE RETENÇÃO DA TEMPERATURA. O ISOLAMENTO TÉRMICO EXCLUSIVO, OFERECE UM INCRÍVEL PODER DE PRESERVAÇÃO DE GELO E SUPERA EM MUITO OS COOLERS E CAIXAS COMUNS. RESISTENTE AO TRANSPORTE DO DIA A DIA. NÃO GERA UMIDADE NA PARTE EXTERNA. LEVE, DURÁVEL E COM COSTURAS E EMENDAS SOLDADAS POR RADIOFREQUÊNCIA QUE CRIAM UMA VEDAÇÃO IMPERMEÁVEL EXTRA FORTE. **RESISTÊNCIA AO DESGASTE E MATERIAL À PROVA DE ÁGUA **FORRO DE QUALIDADE ALIMENTAR **RESFRIAMENTO ATÉ 72 HORAS **SISTEMA DE ALÇA DE OMBRO AJUSTÁVEL E REFORÇADA **ESPUMA DE ISOLAMENTO DE ALTA DENSIDADE **SISTEMA DE ISOLAMENTO COM 5 CAMADAS MATERIAL: NYLON + TPU* + LAPRENE EXPANDIDO CAPACIDADE: 20 LITROS MEDIDAS EXTERNAS: 41 X 28 X 31 (COMPRIMENTO X ALTURA X LARGURA) * POLIURETANO TERMOPLÁSTICO É FREQUENTEMENTE ABREVIADO COMO TPU. É UM ELASTÔMERO TERMOPLÁSTICO PROCESSÁVEL POR FUSÃO. ELE TEM AS CARACTERÍSTICAS TANTO DO PLÁSTICO QUANTO DA BORRACHA. ASSIM, ELE EXIBE PROPRIEDADES COMO DURABILIDADE, FLEXIBILIDADE E EXCELENTE RESISTÊNCIA À TRAÇÃO.;COOLER-BOX.JPG;;;
GUARDA-SOL TIPO OMBRELONE VALÊNCIA AZUL;KALA;KALA;ESPORTE OUTDOOR E CAMPING / CUTELARIA;R$ 271,99;A SOLUÇÃO IDEAL PARA UMA PROTEÇÃO SOLAR EFICIENTE, ESTE GUARDA-SOL TEM DESIGN ELEGANTE E É FÁCIL DE MANUSEAR. PESANDO 3,2 KG E COM 2,20 M DE ALTURA E 2,40 DE ENVERGADURA, BLOQUEIA ACIMA DE 98% DA RADIAÇÃO ULTRAVIOLETA (FPS: UV 50+). É IDEAL PARA GARANTIR MOMENTOS CONFORTÁVEIS E AGRADÁVEIS AO AR LIVRE SOB O SOL, INCLUINDO PASSEIOS NA PRAIA E EXPERIÊNCIAS EM PISCINA OU CAMPING.;OMBRELONE.JPG;;;
FOGAREIRO SLIM DOBRÁVEL AZUL A GÁS;KALA;KALA;ESPORTE OUTDOOR E CAMPING / CUTELARIA;R$ 319,90;PERFEITO PARA PIQUENIQUES, ACAMPAMENTOS E OUTRAS EXPERIÊNCIAS CULINÁRIAS AO AR LIVRE, TEM UM POTENTE QUEIMADOR A GÁS QUE AJUDA A POUPAR TEMPO E RECURSOS. ALÉM DE CONTAR COM IGNIÇÃO AUTOMÁTICA E AJUSTE FINO DE CHAMA, POSSUI 2.600 W DE POTÊNCIA E SUAS DIMENSÕES SÃO: 275 MM X 325 MM X 100 MM (ABERTO) E 250 MM X 83 MM X 110 MM (FECHADO). PORTANTO, É UM FOGAREIRO COMPACTO, EFICIENTE E FÁCIL DE USAR E LIMPAR.;FOGAREIRO.JPG;;;
BARRACA NÔMADE 4/5 PESSOAS;KALA;KALA;ESPORTE OUTDOOR E CAMPING / CUTELARIA;R$ 859,90;INDICADA PARA ACAMPAMENTOS E OUTRAS AVENTURAS AO AR LIVRE, ESTA BARRACA DE ESTRUTURA REFORÇADA É PRODUZIDA COM MATERIAL DE ALTA QUALIDADE E DURABILIDADE. SUAS DIMENSÕES SÃO DE 2,35 M (C), 2,35 M (L) E 1,45 M (A), O QUE PROPORCIONA BASTANTE ESPAÇO E CONFORTO, COM CAPACIDADE PARA 4/5 PESSOAS. PESANDO 3,5 KG, É PRÁTICA E FÁCIL DE MONTAR, DESMONTAR E TRANSPORTAR.;BARRACA.JPG;;;
TÁBUA DE CORTE E SERVIR DUPLA FACE | TUCUNA;SOFTCUT;SOFTCUT;ESPORTE OUTDOOR E CAMPING / CUTELARIA;R$ 199,00;A LINHA SOFTCUT PESCA FOI DESENVOLVIDA PARA ENTUSIASTAS DA PESCA QUE BUSCAM UM PRODUTO VERSÁTIL E DE ALTA QUALIDADE. COM UM DESIGN EXCLUSIVO INSPIRADO NOS PRINCIPAIS PEIXES, CADA TÁBUA PROPORCIONA NÃO APENAS UMA SUPERFÍCIE DE CORTE EFICIENTE, MAS TAMBÉM UMA EXPERIÊNCIA ÚNICA NA HORA DE SERVIR. FEITA EM 100% POLIETILENO PURO E ATÓXICO, A SOFTCUT PESCA GARANTE SEGURANÇA ALIMENTAR, FACILIDADE DE HIGIENIZAÇÃO E DURABILIDADE. COM MICROTEXTURA INOVADORA, EVITA O DESLIZAMENTO DOS ALIMENTOS, TORNANDO O PREPARO E O CORTE MAIS SEGUROS. IDEAL TANTO PARA O PREPARO DO PESCADO QUANTO PARA SERVIR CHURRASCOS E PETISCOS, ELEVANDO A EXPERIÊNCIA NA MESA. ? DESTAQUES DA SOFTCUT PESCA: ? DESIGN EXCLUSIVO COM FORMATO DE PEIXES ICÔNICOS ? MICROTEXTURA SOFTCUT PARA MELHOR ADERÊNCIA DOS ALIMENTOS ? MATERIAL PURO, ATÓXICO E APROVADO PELA VIGILÂNCIA SANITÁRIA ? SUPERFÍCIE HIGIÊNICA QUE NÃO ABSORVE ODORES, RESÍDUOS OU LÍQUIDOS ? IDEAL PARA CORTES PRECISOS E APRESENTAÇÃO SOFISTICADA ? TRANSFORME SUA EXPERIÊNCIA NA PESCA E NO CHURRASCO COM A SOFTCUT PESCA!;TUCUNA.JPG;;;
ISCA WILLY SHAD;ALBATROZ;ALBATROZ FISHING;ISCA DE CORPO RÍGIDO;R$ 36,00;"MODELO: FLOATING; PROFUNDIDADE: FUNDO; TAMANHO: 4CM; PESO: 2,5G";WILLY.JPG;;;
ISCA REBEL JUMPIN MINNOW T20 ARARI - T20ARARI;AQUABRAZIL;REBEL;ISCA DE CORPO RÍGIDO;R$ 108,50;ISCA ARTIFICIAL REBEL DE 11,5 CM, 23 GRAMAS, ANZOL NÚMERO 2, PARA PESCA DE TUCUNARÉS, DOURADOS, CACHORRA, ENTRE OUTROS PREDADORES. COR ARARI, DESENVOLVIDA PELA AQUABRAZIL E PRODUZIDA PELA REBEL (USA);MINNOW.JPG;;;
ISCA REBEL TWICH TEENY WAKE R - T91 COR 524;AQUABRAZIL;REBEL;ISCA DE CORPO RÍGIDO;R$ 75,80;ISCA ARTIFICIAL REBEL DE 4 CM, 4,5 GRAMAS, ANZOL NÚMERO 12, PARA PESCA DE TILÁPIA, BLACK BASS, PIRAPUTANGA, MATRINXÃ, PACU, ENTRE OUTROS PREDADORES. COR 524 (BLACK / CHROME WING - PRETA / ASA PRATA), DESENVOLVIDA PELA AQUABRAZIL E PRODUZIDA PELA REBEL (USA);TEENY.JPG;;;
TEE BONE;GRUPO WAKOKU / FLÓRIDA MARINE;KEITECH;ISCA DE CORPO RÍGIDO;R$ 150,00;TRABALHO EXCEPCIONAL! O TEE-BONE FOI IDEALIZADO PARA FAZER O TRABALHO ?BÁSICO? DE UM SPINNERBAIT, MAS EM ALTA PERFORMANCE. ESSA ISCA PROPORCIONA BONS ARREMESSOS, O FORMATO DA CABEÇA EM T AJUDA A PASSAR PELOS OBSTÁCULOS E A MANTER A POSTURA DURANTE O NADO E O ANZOL É REFORÇADO E EXTREMAMENTE AFIADO DA MARCA DECOY. JÁ A LÂMINA RESPONDE AO MAIS SÚTIL MOVIMENTO. O ?CONE HEAD WEED GUARD? AJUDA A PROTEGER AS COLHERES DE SUJEIRA.;TEE-BONE.JPG;;;
PL 100 SPLASH;GRUPO WAKOKU / FLÓRIDA MARINE;BABYFACE;ISCA DE CORPO RÍGIDO;R$ 148,00;MÁQUINA PARA FISGAR TUCUNARÉS! ESTE LANÇAMENTO DA BABYFACE NASCEU FISGANDO GRANDES AÇUS EM UMA DAS TEMPORADAS MAIS DIFÍCEIS DE PESCA ? QUE FOI ANO PASSADO. TRATA-SE DE UMA JUMPING BAIT DE 11 CM, 22G QUE VEM EQUIPADA COM GARATEIAS REFORÇADAS 4X NÚMERO 2. É UMA ARTIFICIAL FÁCIL DE TRABALHAR, FAZENDO MOVIMENTOS EM ZIGUEZAGUE, MERGULHANDO E ATÉ SALTANDO PARA FORA DA ÁGUA, COMO UMA PRESA EM FUGA. PARA AUMENTAR O PODER DE ATRAÇÃO, POSSUI A PARTE FRONTAL MAIS LARGA PARA CRIAR UM MAIS DISTÚRBIO NA SUPERFÍCIE, FAZENDO BARULHO OU JOGANDO A ÁGUA PARA OS LADOS. PARA FINALIZAR, VALE RESSALTAR QUE A ISCA É SILENT, SEM RATTLING, O QUE AJUDA A PRODUZIR UMA AÇÃO MAIS NATURAL, IDEAL PARA LOCAIS COM GRANDE PRESSÃO DE PESCA.;PL100.JPG;;;
CHUBBLE 80;GRUPO WAKOKU / FLÓRIDA MARINE;JACKALL;ISCA DE CORPO RÍGIDO;R$ 190,50;ESTA NOVIDADES É A VERSÃO MAIOR DO PLUG QUE É UM HÍBRIDO DE CRANKBAIT E JERKBAIT, POIS POSSUI O FORMATO ALONGADO E VOLUMOSO, COM BOA FLUTUAÇÃO, PROPORCIONANDO ALTA CAPACIDADE DE RESPOSTA, TANTO NO TRABALHO DE RECOLHIMENTO OU COM TOQUES ? TORNANDO-A EXTREMAMENTE VERSÁTIL. É EQUIPADA COM BARBELA DE CIRCUIT BOARD LIP ? MATERIAL FINO E EXTREMAMENTE RESISTENTE QUE AJUDA A CORTAR A ÁGUA E DAR AMPLITUDE NOS MOVIMENTOS -, SISTEMA DE TRANSFERÊNCIA DE PESO MAGNÉTICO E GARATEIAS COM TRATAMENTO ANTIADERENTE, POTENCIALIZANDO A CAPACIDADE DE FISGAR E PROTEGENDO DOS EFEITOS DA MARESIA. A CHUBBLE 80SR PODE SER TRABALHADA NA CHAMADINHA OU COM TOQUES CONTÍNUOS, EM QUE A ISCA FAZ MOVIMENTOS ERRÁTICOS E IRRESISTÍVEIS. ELA MEDE 8 CM, PESA 14.5G E É INDICADA PARA GRANDES ROBALOS, TUCUNARÉS, TABARANAS, DOURADOS, BICUDAS, BLACK BASS, ENTRE OUTROS PREDADORES.;CHUBBLE.JPG;;;
SHINDY 110;GRUPO WAKOKU / FLÓRIDA MARINE;REVONIK;ISCA DE CORPO RÍGIDO;R$ 340,00;TRÊS ISCAS EM UMA! QUANDO O LENDÁRIO DESIGNER DE ISCA SEIJI KATO CRIA UM NOVO PROJETO PODE TER A CERTEZA QUE VEM ALGO INOVADOR PELA FRENTE. O PESCADOR SEMPRE BUSCA NOVOS MATERIAIS - QUE TRAGAM VANTAGENS PARA O TRABALHO DA ISCA, E O DESENHO PERFEITO, POIS É A PARTIR DELA QUE SE ALCANÇA A MELHOR AÇÃO. NO CASO DA SHINDY, JERKBAIT DE CORPO ALTO E FLUTUAÇÃO LENTA, QUE PROPORCIONAR UMA AÇÃO ÚNICA, REFLETINDO BASTANTE A LUZ NO TRABALHO. PORÉM O GRANDE DIFERENCIAL É A POSSIBILIDADE DA TROCA DE BARBELAS, QUE A MENOR E MAIS ESTREITA VEM NADA NUMA FAIXA DE 30 CM. O TAMANHO ?PADRÃO? ALCANÇA CERCA DE 1M DE PROFUNDIDADE, ENQUANTO A MAIOR E MAIS LARGA, MERGULHA ATÉ 1,5M.;SHINDY.JPG;;;
TYGAN 110;GRUPO WAKOKU / FLÓRIDA MARINE;FISH MAGNET;ISCA DE CORPO RÍGIDO;R$ 380,00;ESTA É A PRIMEIRA ARTIFICIAL DA FISH MAGNET, MARCA DO FAMOSO PESCADOR JAPONÊS TAKUMA HATA. AO DESENVOLVER ESTE MODELO, UMA DAS PRINCIPAIS CARACTERÍSTICAS IDEALIZADAS FOI A CAPACIDADE PARA LONGOS ARREMESSOS, O QUE AJUDA A COBRIR UMA MAIOR ÁREA DE PESCA. PENSANDO NISSO, A ARTIFICIAL GANHOU UM DESENHO BASTANTE AERODINÂMICO, COM UM CORPO VOLUMOSO E ACHATADO LATERALMENTE ? CARACTERÍSTICA QUE AJUDA A CRIAR UM DISTÚRBIO MAIOR NA SUPERFÍCIE E A FAZER BARULHO TAMBÉM, ATRAINDO O PREDADOR DE LONGE. PARA AUMENTAR O PODER DE ATRAÇÃO DA ISCA DE 9 CM E 14G, ELA FOI DOTADA DE UM BOM RATTLING, ACABAMENTO PERFEITO E PINTURA IMPECÁVEL.;TYGAN.JPG;;;
KICKNOCKER;GRUPO WAKOKU / FLÓRIDA MARINE;TECKLE;ISCA DE CORPO RÍGIDO;R$ 250,00;ESTA ARTIFICIAL É UMA ZARA COM DESENVOLVIMENTO REFINADO. A PARTE FRONTAL DA ISCA POSSUI UMA A CÂMARA DE CHOCALHO COM PEQUENAS ESFERAS, QUE ALÉM DO BARULHO, AJUDAM NA AÇÃO ERRÁTICA DA ISCA. NA PARTE TRASEIRA, A KICKNOCKER É EQUIPADA COM UMA GRANDE ESFERA QUE CRIA UM RITMO CONSTANTE E A TORNA MAIS FÁCIL DE TRABALHAR, ALÉM DE AJUDAR NOS LANÇAMENTOS MAIS LONGOS. A ISCA AINDA RECEBEU ATENÇÃO EXCEPCIONAL AOS DETALHES, COM OS OLHOS 3D REALISTAS, PINTURAS COM ACABAMENTO PREMIUM, GARATEIAS EXTREMAMENTE AFIADAS. POR ESSAS CARACTERÍSTICAS, É UMA DAS ISCAS PREFERIDAS DOS PESCADORES MAIS TÉCNICOS DOS ESTADOS UNIDOS.;KICKNOCKER.JPG;;;
LAKER;ISCAS LORI;LORI;ISCA DE CORPO RÍGIDO;R$ 48,00;MEIA ÁGUA SINKING 55MM 6G INSPIRADA NAS ISCAS JAPONESAS E ASSINADA POR TIAGO PAPAN, A LAKER FOI DESENVOLVIDA PENSANDO NAS ESPÉCIES BRASILEIRAS. VERSÁTIL, PODE SER USADA COMO CRANKBAIT OU JERKBAIT, ALCANÇANDO DIVERSAS PROFUNDIDADES E GARANTINDO MAIS EFICIÊNCIA NA SUA PESCARIA.;LAKER.JPG;;;
ENCRENCA SPIN;ISCAS YARA;YARA ISCAS ARTIFICIAIS;ISCA DE CORPO RÍGIDO;R$ 69,90;ISCA DO TIPO SPIN (COM COLHER GIRATÓRIA), FABRICADA EM ABS DE ALTA RESISTÊNCIA, COM AÇÃO SINKING (AFUNDANTE) E EQUIPADA COM GARATÉIAS 6X. DESENVOLVIDA EM PARCERIA COM O GRANDE PESCADOR EDUARDO MONTEIRO, ESTÁ DISPONÍVEL EM DOIS TAMANHOS: 7CM / 17G E 9CM / 29G.;ENCRENCA.JPG;;;
INVADER 110 MR;MARINE;MARINE;ISCA DE CORPO RÍGIDO;R$ 55,00;TIPO: MINNOW, MEIA ÁGUA FLOATING E SUSPENDING PLÁSTICO ABS EFEITO SONORO: ESFERAS PROFUNDIDADE NADO: 0,8M A 2,0M 3 GARATÉIAS SANKEN 4X #6 BLACK NICKEL PESO: FLOATING 17G / SUSPENDING 17,5G 14 CORES ISCA DE MEIA ÁGUA DISPONÍVEL EM MODELO FLOATING E SUSPENDING, COM NADO ERRÁTICO. ÓTIMA OPÇÃO PARA A CAPTURA DE TUCUNARÉS, TRAÍRAS E TRAIRÕES.;INVADER.JPG;;;
BELLY DANCER;MORO DECONTO/FUJI;DECONTO ISCAS ARTIFICIAIS;ISCA DE CORPO RÍGIDO;R$ 79,90;A BELLY DANCER É UMA JERKBAIT COMPACTA COM TRABALHO MUITO ATRAENTE, IDEAL PARA PESCADORES INICIANTES E EXPERIENTES, CONSTRUÍDA COM MATERIAIS DE ALTA QUALIDADE E RESISTÊNCIA. É EQUIPADA COM SPLIT RINGS DE INOX FORJADO E GARATÉIAS HOGAN, ALÉM DE PINTURAS E ACABAMENTOS PREMIUM, COMO UV-TECH COM VERNIZ LOCALIZADO EM ALTO RELEVO E DUPLA CAMADA DE VERNIZ;BELLY.JPG;;;
ISCA HB 230;SAHARA;SAHARA;ISCA DE CORPO RÍGIDO;R$ 27,00;ISCA ARTIFICIAL MEIA AGUA, 12,8 CM, 30 GR, DISPONIVEL EM 5 CORES. EXCELENTE ISCA COM DESEMPENHO ESPETACULAR;HB230.JPG;;;
SLIDE ACTOR;GRUPO WAKOKU / FLÓRIDA MARINE;SHOUT;ISCA PARA ÁGUA SALGADA;R$ 140,00;LONGO, PESADO, MAS FÁCIL DE TRABALHAR! SHOUT SLIDE ACTOR É UM JUMPING JIG QUE POSSUI O CORPO ALONGADO E ACHATADO. UMA DAS PRINCIPAIS CARACTERÍSTICAS É O FORMATO ASSIMÉTRICO E FINO QUE PERMITEM QUE A ISCA AFUNDE RAPIDAMENTE, ATINGINDO GRANDES PROFUNDIDADES EM UM TEMPO MUITO CURTO. O MOMENTO EM QUE VOCÊ COMEÇAR A TRABALHAR, LEVANTANDO E ABAIXANDO A PONTA DA VARA, ESSE MOVIMENTO PERMITE A ISCA FAZER ZIGUEZAGUA ASCENDENTE COM MOVIMENTOS AMPLOS E BASTANTE ATRAENTES PARA PREDADORES COMO OLHETES E OLHOS-DE-BOI.;SLIDE.JPG;;;
FEED POPPER 150;GRUPO WAKOKU / FLÓRIDA MARINE;TACKLE HOUSE;ISCA PARA ÁGUA SALGADA;R$ 312,00;PENSA EM UM POPPER DIFERENCIADO! O FEED POPPER É UMA ISCA QUE PRODUZ UM BARULHO CARACTERÍSTICO. MESMO COM UM LEVE MOVIMENTO DA VARA, O DESIGN DA BOCA CRIA SONS DE ESTALO. MAS, O MAIS COMUM É O TRABALHO COM UMA PUXADA MAIS LONGA PARA A ISCA FAZER UM BARULHO BASTANTE ATRAENTE, MERGULHAR LOGO ABAIXO DA SUPERFÍCIE E DEIXAR UM RASTRO DE BOLHAS. ISSO ACONTECE POR CAUSA DO EQUILÍBRIO DA ARTIFICIAL QUE A QUASE EM PÉ QUANDO PARADA, DETALHE QUE AJUDA NA HORA DO TRABALHO DA ISCA, MESMO EM LOCAIS DE ÁGUA MAIS AGITADA, ALÉM DE CRIAR UMA SITUAÇÃO PERFEITA PARA OS ATAQUES DE SUCÇÃO DOS PEIXES-ALVO. MESMO COM UM CORPO COMPACTO, O PESCADOR CONSEGUE REALIZAR LONGOS ARREMESSOS DEVIDO À SUA ALTA DENSIDADE. ESSAS ARTIFICIAIS POSSUEM UM BONITO ACABAMENTO, SÃO REFORÇADAS E EQUIPADAS COM GARATEIAS EXTREMAMENTE AFIADAS DA MARCA OWNER. ESTA SÉRIE É COMPOSTA POR ARTIFICIAIS DE TAMANHOS: 150 (54G), 135 (45G), 120 (30G) E 100 (22G).;POPPER.JPG;;;
JACK EYE MAKI MAKI FS 417;GRUPO WAKOKU / FLÓRIDA MARINE;HAYABUSA;ISCA PARA ÁGUA SALGADA;R$ 120,00;MAIS VERSATILIDADE NA PESCARIA MARINHA! O DIFERENCIAL DESTE METAL JIG É A COLHER DE METAL ACOPLADA NA GARATÉIA QUE PRODUZ MUITA VIBRAÇÃO E BRILHO, SENDO ASSIM UM GRANDE ATRATIVO PARA OS PREDADORES TRATA-SE DE UMA ARTIFICIAL VERSÁTIL E PODE SER TRABALHADA DE DIVERSAS FORMAS, COMO APENAS ARREMESSANDO E RECOLHENDO OU, NA VERTICAL, DEIXANDO AFUNDAR AO LADO DA EMBARCAÇÃO. O JIG TEM UM ACABAMENTO IMPECÁVEL, CORES ATRAENTES E VEM EQUIPADA COM ASSIST E GARATEIA.;MAKI.JPG;;;
BANETT 160F;GRUPO WAKOKU / FLÓRIDA MARINE;IMA;ISCA PARA ÁGUA SALGADA;R$ 324,00;NOVIDADE DE SUPERFÍCIE! A BANETT É UMA ARTIFICIAL DE 16CM E 43G (SEM AS GARATEIAS) DO TIPO PENCIL QUE FAZ O MUITO BEM AQUELE TRABALHO DE MERGULHAR E FAZER O ZIGUE-ZAGUE LOGO ABAIXO DA SUPERFÍCIE. O FORMATO DESSE PLUG O TORNA EXCELENTE PARA ARREMESSOS LONGOS E PARA TRABALHAR. NA ÁGUA SALGADA É INDICADA PARA OLHETES, OLHOS DE BOI, ATUM E NA ÁGUA DOCE PARA OS FORTES TUCUNARÉS AÇUS.;BANETT.JPG;;;
CIAN POPPER ROAR 200F;GRUPO WAKOKU / FLÓRIDA MARINE;JACKALL;ISCA PARA ÁGUA SALGADA;R$ 522,00;JACKALL PARA ESPÉCIES MARINHAS! ESTE POPPER POSSUI UM DESENHO MUITO BONITO E MODERNO, FÁCIL DE SER TRABALHADO, RESPONDENDO BEM TANTO AOS TOQUES LONGOS, QUANTO OS MAIS CURTOS, PRODUZINDO UM BOM BARULHO E UM FORTE SPRAY. AO MERGULHAR, A ARTIFICIAL DEIXA UM RASTRO DE BOLHAS. O CORPO MAIS FINO E O FORMATO EM QUE A PARTE TRASEIRA É MAIS GROSSA, ESTABILIZAM A POSTURA DA ISCA DURANTE O LANÇAMENTO, AJUDANDO A ALCANÇAR LONGAS DISTÂNCIAS O PITÃO DIANTEIRO E O TRASEIRO SÃO FEITOS DE UMA PEÇA DE ARAME ÚNICA, AUMENTANDO GARANTINDO O TROFÉU MESMO EM CASO DE QUEBRA DO CORPO DA ARTIFICIAL.;CIAN.JPG;;;
VENNON;MARINE;MARINE;ISCA PARA ÁGUA SALGADA;R$ 55,00;90MM E 115MM SUPERFÍCIE, ZARA FLOATING PLÁSTICO ABS EFEITO SONORO: ESFERAS 2 GARATÉIAS SANKEN 4X #4 BLACK NICKEL / SANKEN 4X #1 BLACK NICKEL PESO: 90MM 15G / 115MM 25G 11 CORES ISCA DE SUPERFÍCIE COM ALTA FLUTUAÇÃO. GARATEIAS REFORÇADAS. IDEAL PARA A CAPTURA DE ANCHOVA, XARÉU, OLHETE, DOURADO DO MAR, ROBALO FLECHA ENTRE OUTROS.;VENNON.JPG;;;
POPAI ULTIMATE SERIES;MORO DECONTO/FUJI;DECONTO ISCAS ARTIFICIAIS;ISCA PARA ÁGUA SALGADA;R$ 113,80;UMA ISCA POPPER, ROBUSTA, COM TRABALHO ATRAENTE, É A ARMA SECRETA PARA SUAS PESCARIAS EM BUSCA DE GIGANTES! POSSUI CORPO ROBUSTO E BEM ESTRUTURADO EM PLÁSTICO ABS, PITÕES COM ARAME INTEIRIÇO INTERLIGADO, GARATÉIAS EXTREME 6X 1/0 HOGAN DE EXTREMA RESISTÊNCIA COM TRATAMENTO ANTICORROSIVO PARA ÁGUA SALGADA. DISPONÍVEL EM 2 TAMANHOS, 9 E 11CM.;POPAI.JPG;;;
ISCA CHARUTINHO;ALLIGATOR;ALLIGATOR;ISCA SOFT;R$ 2,40;ISCA DESENVOLVIDA PARA ATENDER UMA DEMANDA NA PESCA DE TRAÍRAS E OUTROS PREDADORES, DEVIDO AO SEU NADO EM ZARA TANTO NA SUPERFÍCIE QUANTO MEIA AGUA QUANTO FUNDO , PROPORCIONANDO UM IMENSO RESULTADO NAS PESCARIAS. TAMANHO 5,8 CM 9 GRAMAS E MAIS DE 100 COMBINAÇÕES DE CORES DISPONÍVEIS.;CHARUTINHO.JPG;;;
ISCA SOFT DROP MINNOW GREAT LAKES FINESSE;AQUABRAZIL;GREAT LAKES FINESSE;ISCA SOFT;R$ 88,90;ISCA SOFT DE ACABAMENTO FOSCO EM SEU MATERIAL BASE. QUANDO NA ÁGUA, POSSUI FLUTUABILIDADE NEUTRA EM FUNÇÃO DE SEU MATERIAL, QUE TAMBÉM É MUITO RESISTENTE À RASGOS. IDEAL PARA O BLACK BASS E TRAÍRAS, E AS TÉCNICAS DE DROP SHOT, UNDERSPIN TRAILER, MOPING, SPINE RIG E NED. TAMANHO DE 7 CM E PACOTE COM 08 UNIDADES;FINESSE.JPG;;;
RV BUG;GRUPO WAKOKU / FLÓRIDA MARINE;JACKALL;ISCA SOFT;R$ 135,00;A JACKALL RESOLVEU INOVAR E DIFERENTE DAS OUTRAS SOFTS QUE IMITAM INSETOS E FLUTUAM, A RV-BUG É SINKING. COM MATERIAL MAIS DENSO E AS ?PERNAS? CAUSAM VIBRAÇÃO ENQUANTO ESTÁ AFUNDANDO LENTAMENTE OU QUANDO DAMOS TOQUES. A ISCA MEDE 3?? (7,62CM) E O ANZOL INDICADO É O OFF SET 3/0.;RV-BUG.JPG;;;
SHINJI X9;GRUPO WAKOKU / FLÓRIDA MARINE;XBRAID;LINHA;R$ 950,00;REVOLUCIONÁRIO, EXTREMAMENTE FORTE E CHEIA DE TECNOLOGIA. ESSAS PALAVRAS SÃO PERFEITAS PARA DEFINIR A SHINJI9, QUE É A PRIMEIRA LINHA DA MARCA QUE EMPREGA O NOVO PROCESSAMENTO DE CHAMADO DE RC PARA LINHAS DE 9 FIOS MAIS A ESTRUTURA W, A MESMA UTILIZADA NA ODDSPORT WXP1. O RESULTADO É UMA LINHA COM UMA SUPERFÍCIE MAIS UNIFORME, UTILIZANDO UM FIO CENTRAL DE PE DE ALTA RESISTÊNCIA, EVITANDO A DEFORMAÇÃO MESMO SOB SOB CARGA ELEVADA ? DETALHE QUE TAMBÉM PODERIA LEVAR A UMA PERDA DE RESISTÊNCIA. A LINHA TAMBÉM PROPORCIONA MAIOR SENSIBILIDADE JUNTO COM UMA ALTA RESISTÊNCIA AO DESGASTE E MENOR ABSORÇÃO DE ÁGUA. A LINHA POSSUI SISTEMA DE MARCAÇÃO DE 1 M.;SHINJI.JPG;;;
LINHA MULTIFILAMENTO FUSION 8X 100M;HP MOTONÁUTICA;HP PESCA, MOTO, NÁUTICA;LINHA;R$ 39,90;A LINHA X8 FUSION DA HP É UMA LINHA DE PESCA MULTIFILAMENTO PROJETADA PARA PROPORCIONAR UMA EXPERIÊNCIA DE PESCA EXCEPCIONAL. COMBINANDO TECNOLOGIA AVANÇADA E MATERIAIS DE ALTA QUALIDADE, ESSA LINHA OFERECE UM DESEMPENHO SUPERIOR E UMA RESISTÊNCIA IMPRESSIONANTE. A CARACTERÍSTICA MULTIFILAMENTO DA LINHA X8 FUSION SIGNIFICA QUE ELA É COMPOSTA POR VÁRIAS FIBRAS ENTRELAÇADAS, O QUE PROPORCIONA UMA MAIOR SUAVIDADE E SENSIBILIDADE DURANTE O ARREMESSO E A RECOLHA. ISSO PERMITE QUE VOCÊ SINTA ATÉ MESMO AS MORDIDAS MAIS SUTIS, MELHORANDO SUAS CHANCES DE CAPTURAR PEIXES. O TRATAMENTO EM ULTRASSOM É UM PROCESSO ESPECIAL PELO QUAL A LINHA PASSA, RESULTANDO EM UMA TEXTURA SUAVE E UNIFORME. ESSE TRATAMENTO NÃO APENAS MELHORA A CAPACIDADE DE LANÇAMENTO, REDUZINDO O ATRITO COM OS PASSADORES DA VARA, MAS TAMBÉM AUMENTA SIGNIFICATIVAMENTE A RESISTÊNCIA À ABRASÃO. ASSIM, VOCÊ PODE PESCAR EM AMBIENTES DESAFIADORES, COMO ÁREAS ROCHOSAS OU COM VEGETAÇÃO DENSA, SEM SE PREOCUPAR COM DANOS À LINHA. ALÉM DISSO, A LINHA X8 FUSION POSSUI UMA RESISTÊNCIA IMPRESSIONANTE, PERMITINDO QUE VOCÊ LIDE COM PEIXES MAIORES E AUMENTANDO SUA CONFIANÇA DURANTE AS BATALHAS. SUA CONSTRUÇÃO DE ALTA QUALIDADE GARANTE QUE A LINHA SEJA DURÁVEL E RESISTENTE À TRAÇÃO, PROPORCIONANDO UMA MAIOR TRANQUILIDADE AO ENFRENTAR SITUAÇÕES DE PESCA EXIGENTES. EM RESUMO, A LINHA X8 FUSION DA HP É UMA ESCOLHA EXCELENTE PARA PESCADORES QUE PROCURAM UMA LINHA DE PESCA MULTIFILAMENTO DE ALTO DESEMPENHO. COM SEU TRATAMENTO EM ULTRASSOM, ELA OFERECE SUAVIDADE, RESISTÊNCIA À ABRASÃO E MAIOR SENSIBILIDADE. SUA CONSTRUÇÃO DE QUALIDADE E RESISTÊNCIA IMPRESSIONANTE TORNAM-NA UMA OPÇÃO CONFIÁVEL PARA ENFRENTAR DIVERSOS DESAFIOS AO PESCAR.;8X100M.JPG;;;
LINHA MULTIFILAMENTO TOURNAMENT X4;ISCAS YARA;YARA ISCAS ARTIFICIAIS;LINHA;R$ 49,90;A TOURNAMENT PE X4 É UMA LINHA DE MULTIFILAMENTO 4 FIOS, CONFECCIONADA EM 100% POLIETILENO, COM ALTO GRAU DE RESISTÊNCIA À TENSÃO E PRINCIPALMENTE À ABRASÃO, ALÉM DE DURABILIDADE ELEVADA. NÃO POSSUI MEMÓRIA E SUA ELASTICIDADE É PRÓXIMA DO ZERO, O QUE TORNA AS FISGADAS MAIS EFICIENTES. É INDICADA PARA LOCAIS DE MUITA ESTRUTURA SUBMERSA. COR CINZA.;X4.JPG;;;
HAMMER BRAIDED FISHING LINE 4 FIOS;KASTKING;KASTKING;LINHA;R$;"UM PADRÃO MAIS ALTO EM TRANÇADOS DE 4 CARRIER ? A LINHA DE PESCA TRANÇADA HAMMER BRAID UTILIZA UMA FIBRA UHMWPE DE MICROFILAMENTO EM UM PADRÃO EXCLUSIVO DIAMOND BRAID QUE MAXIMIZA A RESISTÊNCIA GERAL DAS LINHAS ENQUANTO DIMINUI O DIÂMETRO EM RELAÇÃO AOS TRANÇADOS DE 4 CARREGADORES PADRÃO. EM MÉDIA, A HAMMER BRAID É 10% MAIS FORTE DO QUE OS TRANÇADOS DE 4 CARREGADORES PADRÃO NO MESMO TESTE DE LIBRA. PROCESSO DE PRÉ-TRATAMENTO DE COLORFAST ? A HAMMER BRAID É COLORIDA USANDO UM PROCESSO DE REVESTIMENTO PATENTEADO (EPC) PROJETADO PARA PRÉ-TRATAR A FIBRA, GARANTINDO UMA LINHA TRANÇADA DE COR FIRME COM PRATICAMENTE NENHUM DESBOTAMENTO E PERDA DE COR. O PROCESSO DE PRÉ-TRATAMENTO TAMBÉM FORNECE MAIOR RESISTÊNCIA AO NÓ DO QUE OS TRANÇADOS DE 4 CARREGADORES PADRÃO. DIÂMETRO DE SUPERFÍCIE MAIS SUAVE ? A HAMMER BRAID É FABRICADA EM UMA CONFIGURAÇÃO DE TRANÇA MAIS APERTADA QUE FORNECE UMA SUPERFÍCIE MAIS LISA DO QUE OS TRANÇADOS DE 4 CARREGADORES PADRÃO. A SUPERFÍCIE MAIS LISA PERMITE LANÇAMENTOS MAIS LONGOS E RECUPERAÇÕES MAIS SILENCIOSAS AO PASSAR SEM ESFORÇO PELAS GUIAS DA VARA. INCRÍVEL RESISTÊNCIA À ABRASÃO ? O PROCESSO DE PRÉ-TRATAMENTO DA HAMMER BRAID OFERECE INCRÍVEL RESISTÊNCIA À ABRASÃO E MAIOR VIDA ÚTIL. A CONSTRUÇÃO TRANÇADA ""HAMMER TOUGH"" CORTA A VEGETAÇÃO SEM ESFORÇO, DIMINUINDO SUA CHANCE DE PERDER AQUELE PEIXE DA SUA VIDA. QUASE ZERO ESTICAMENTO ? COM UM FATOR DE ALONGAMENTO DE MENOS DE 4% EM SEU PONTO DE RUPTURA, A HAMMER BRAID OFERECE CONJUNTOS DE ANZÓIS PODEROSOS E PERMITE QUE VOCÊ SINTA ATÉ MESMO A MENOR MORDIDA.";HAMMER.JPG;;;
MOLINETE DEVOTION;ALBATROZ;MARCA FORSEVEN (GRUPO ALBATROZ FISHING);MOLINETE;R$ 360,00;"4+1 ROLAMENTOS (800, 3000 E 5000); 4.7:1 RECOLHIMENTO (800); 6.0:1 RECOLHIMENTO (300 E 5000); 5KG DE DRAG (800) | 6KG (3000) | 8KG (5000); 234G DE PESO (800) | 263G (3000) | 315G (5000); CARRETEL EM ALUMÍNIO; KNOB EMBORRACHADO; SISTEMA ANTI-REVERSO INFINITO.";DEVOTION.JPG;;;
MOLIENETE MEGAJAWS ELITE;KASTKING;KASTKING;MOLINETE;R$;MOLIENETE MEGAJAWS ELITE PROJETADO PARA VENCER KASTKING MEGAJAWS ELITE PRO TOUR LEVEL SPINNING REELS SÃO CONSTRUÍDOS DE ACORDO COM PADRÕES RIGOROSOS. SUA ENGRENAGEM PRINCIPAL DE ALUMÍNIO AEROESPACIAL ENDURECIDO 2014 DIGI-CUT COM UMA DUREZA ROCKWELL DE 82 É 15% MAIS FORTE DO QUE QUALQUER ENGRENAGEM DE LIGA DE ZINCO E USINADA PARA TOLERÂNCIAS DE NÍVEL DE MICRÔMETRO (?M). SEU CORPO DE ALUMÍNIO AEROESPACIAL UNI-FRAME SEM COSTURA E ROTOR DE CARBONO FORNECEM O MELHOR CARRETEL DE FIAÇÃO LEVE PARA PESCADORES PROFISSIONAIS E RECREATIVOS EXIGENTES.;MEGAJAWS.JPG;;;
HORIZON;MARINE;EUROSEA;MOLINETE;R$ 549,90;CORPO, TAMPA LATERAL, CARRETEL, MANIVELA E ARCO EM ALUMÍNIO. ROTOR EM GRAFITE PINHÃO EM LATÃO APOIADO POR ROLAMENTO COROA EM ATIMÔNIO EIXO EM AÇO INOXIDÁVEL ROLAMENTOS: 6+1 VELOCIDADE RECOLHIMENTO: 4.6:1 SISTEMA DE OSCILAÇÃO LENTA DRAG 18KG IPT: 110CM CAPACIDADE DE LINHA: 0.28 - 400 / 0.31 - 325 CARRETEL CÔNICO: 0.23 - 440 / 0.28 - 300 PESO: 586G;HORIZON.JPG;;;
TROVAO;SAHARA;SAHARA;MOLINETE;R$ 150,00;MOLINETE TROVAO, EM ALUMINIO, DIVERSOS TAMANHOS, 5+1 ROLAMENTOS , SISTEMA BALANCEADO, MANOPLA EM EVA.. OTIMO CUSTO BENEFICIO;TROVAO.JPG;;;
MOTOR ELETRICO MINN KOTA INSTINCT RIPTIDE QUEST;AQUABRAZIL;MINN KOTA;MOTORES (QUALQUER TIPO DE PROPULSÃO);R$ 57.645,00;"MOTOR ELÉTRICO MINN KOTA INSTINCT RIPTIDE QUEST, 90/115LBS (24-36V), HASTE DE 87"" (220 CM), CONTROLE WIRELESS REMOTE, BLUETOOTH, ONE-BOAT-NETWORK. PERMITE COLOCAR E RETIRAR DA ÁGUA AUTOMATICAMENTE (CLIQUE BOTÃO). COM SISTEMA SPOT-LOCK (ÂNCORA). PODE SER CONECTADO PARA INTERAGIR COM SONARES HUMMINBIRD";RIPTIDE.JPG;;;
MOTOR ELETRICO MINN KOTA ULTREX QUEST;AQUABRAZIL;MINN KOTA;MOTORES (QUALQUER TIPO DE PROPULSÃO);R$ 45.753,00;"MOTOR ELÉTRICO MINN KOTA ULTREX QUEST, 90/115LBS (24-36V), HASTE DE 60"" (152 CM), CONTROLE MICRO REMOTE/PEDAL, TRANSDUCER MSI (MEGA SIDE IMAGING), BLUETOOTH, ONE-BOAT-NETWORK. PERMITE CONTROLE REMOTAMENTE OU POR PEDAL. COM SISTEMA SPOT-LOCK (ÂNCORA). PODE SER CONECTADO PARA INTERAGIR COM SONARES HUMMINBIRD";KOTA.JPG;;;
MOTORES 30HP E 40HP TURBO JET;HIDEA;HIDEA MOTORES;MOTORES (QUALQUER TIPO DE PROPULSÃO);R$ 27.568,00;MODELOS HDJ30FHS E HDJ40FHS POTÊNCIA MÁXIMA GERADA (KW) 30HP - 22.1 | 40HP ? 29.4 ROTAÇÃO ALCANÇADA EM ACELERAÇÃO PLENA (RPM) 4500-5500 TIPO DE MOTOR 2 TEMPOS NÚMERO DE CILINDROS 2 CURSO (CILINDRADA) (CC) 30HP - 496 | 40HP - 703 DIÂMETRO X CURSO (MM) 30HP - 72 X 61 | 40HP ? 80X70 COMPRIMENTO X LARGURA X ALTURA (MM) 30HP - 843 X 399 X 1146 | 40HP - S: 1073X402X1218 | L: 1073X402X1345 PESO (KG) 30HP ? 54KG | 40HP ? 76KG RELAÇÃO DE MARCHA 30HP - 24:13 (2.33) | 40HP - 26:13 (2.00) POSIÇÃO DE MUDANÇA DE MARCHAS F-N-R SISTEMA DE IGNIÇÃO CDI SISTEMA DE ARREFECIMENTO REFRIGERAÇÃO À ÁGUA SISTEMA DE PARTIDA MANUAL E ELÉTRICA;40HP.JPG;;;
400R;MERCURY;MERCURY MARINE;MOTORES (QUALQUER TIPO DE PROPULSÃO);R$ 304.763,00;5.7L V10 NATURALMENTE ASPIRADO 400R MERCURY. O MOTOR MAIS DESEJADO DA PESCA ESPORTIVA TEM DESEMPENHO E POTÊNCIA, COM DESIGN COM CORPO DE ACELERADOR DE 92 MM E ADMISSÃO AJUSTADA PARA MAXIMIZAR O FLUXO DE AR. PROJETADO PARA PRODUZIR RESPOSTA INSTANTÂNEA DO ACELERADOR, ENQUANTO UM SENSOR DE PRESSÃO DE COMBUSTÍVEL MERCURY RACING FORNECE ABASTECIMENTO PRECISO SOB ACELERAÇÃO PARA MELHORAR AINDA MAIS A RESPOSTA DO ACELERADOR.;400R.JPG;;;
50 HP QUATRO TEMPOS COM MANCHE;MERCURY;MERCURY MARINE;MOTORES (QUALQUER TIPO DE PROPULSÃO);R$ 45.502,00;MERCURY FOURSTROKE 50HP: SUA NAVEGAÇÃO VAI FICAR AINDA MAIS COMPLETA. COM O MELHOR CUSTO-BENEFÍCIO DA CATEGORIA, ELE POSSUI DESIGN INOVADOR E ACESSOS DE CONTROLE BEM POSICIONADOS. SEUS PRINCIPAIS DIFERENCIAIS SÃO O MANCHE MID TILLER E POWER TRIM, ALÉM DE PARTIDA ELÉTRICA E CONTROLE DE CORRICO, BLOCO COM 4 CILINDROS (995 CC) E RABETA DE 20 POLEGADAS COM RELAÇÃO DE 1,83.;MANCHE.JPG;;;
9.9 HP QUATRO TEMPOS;MERCURY;MERCURY MARINE;MOTORES (QUALQUER TIPO DE PROPULSÃO);R$ 17.053,00;ÚNICO DA CATEGORIA COM INJEÇÃO ELETRÔNICA SEM BATERIA, O MERCURY FOURSTROKE 9.9 HP FOI FEITO PARA DESBLOQUEAR O INACESSÍVEL. ELE FACILITA SEU TRABALHO E TRANSFORMA A EXPERIÊNCIA NAS ÁGUAS COM 5 POSIÇÕES MANUAIS DE TRIM, MANCHE AMBIDESTRO E TANQUE DE 12L. A COMPANHIA IDEAL PARA BARCOS DE APOIO E CAIAQUES.;99HP.JPG;;;
350HP;YAMAHA;YAMAHA;MOTORES (QUALQUER TIPO DE PROPULSÃO);R$ 227.360,00;;350HP.JPG;;;
CAIXA PLANO RANGE BAG X2 MEDIUM - 1712500V;AQUABRAZIL;PLANO;TIRO ESPORTIVO;R$ 778,00;CAIXA PLANO PARA TIRO ESPORTIVO COM BOLSA FRONTAL PARA CASE PISTOLA 140300, TAMPA COM ALÇA PARA TRANSPORTE E BASE RÍGIDA. BOLSO LATERAL PARA CASE DE MUNIÇÃO E TRASEIRO EM MALHA;RANGE.JPG;;;
CARABINA FXR P35X EVOLUTION;FXR;ARTEMIS;TIRO ESPORTIVO;R$ 7.500,00;ESPECIFICAÇÕES GERAIS TIPO: CARABINA PCP CALIBRE: 5.5MM VELOCIDADE: 1000 FPS (305 M/S) * ENERGIA: 46 JOULES * AUTONOMIA: 100 DISPAROS * PESO: 2,9 KG COMPRIMENTO TOTAL: 76,5 CM COMPRIMENTO DO CANO: 53 CM PRESSÃO MÁXIMA: 25 MPA (250 BAR) POSSUI POWER PLENUM 65CC CARACTERÍSTICAS E ACESSÓRIOS ACIONAMENTO: SIDE LEVER AMBIDESTRO CILINDRO: 280CC CORONHA: BULLPUP GATILHO: AJUSTÁVEL CAPACIDADE DO MAGAZINE: 9 TIROS SUPRESSOR: INCLUSO TRAVA DE SEGURANÇA: MANUAL TRILHO: PICATINNY VÁLVULA REGULADORA: SIM AIR STRIPPER: SIM ACESSÓRIOS INCLUSOS: MAGAZINE, BICO DE ENCHIMENTO, O-RINGS EXTRAS, CHAVES ALLEN * OS VALORES DE VELOCIDADE, ENERGIA E AUTONOMIA PODEM VARIAR CONFORME AS CONDIÇÕES DE TIRO.;CARABINA.JPG;;;
CARABINA DE PRESSÃO PCP ROSSI BULLPUP R35 CAL. 5,5MM;ROSSI;ROSSI;TIRO ESPORTIVO;R$ 5.900,00;A BULLPUP ROSSI R35, UM FORMATO COMPACTO, LEVE, MODERNO, COM TECNOLOGIA QUE PROPORCIONA UM CUSTO BENEFÍCIO SEM COMPARAÇÃO NO MERCADO BRASILEIRO. CORONHA EM MADEIRA NATURAL RESSALTA A SOFISTICAÇÃO. SISTEMA DE ENGATILHAMENTO SIDE LEVER. TRILHO PICATINNY INTEGRADO. VELOCIDADE 270M/S (880FPS) RESERVATÓRIO DE AR COM 250CC 2 SISTEMAS DE MUNICIAMENTO.;BULLPUP.JPG;;;
VARA SNOOK LIFE;ALBATROZ;ALBATROZ FISHING;VARA PARA CARRETILHA;R$ 395,42;"VARA EM CARBONO IM10 DE ALTA DURABILIDADE; MODELO PARA CARRETILHA COM REEL SEAT MODELO SKELETON; CORPO E PASSADORES LEVES E RESISTENTES; CABO REVESITDO EM EVA; PONTEIRA ANTIENROSCO; ACABAMENTO EM PRETO BRILHANTE; TAMANHOS: C631 | C631; INTEIRIÇA; PASSADORES: 10+1 AÇÃO: RÁPIDA LURE: 5-20G LIBRAS: 8-14LBS E 8-17LBS PESO: 89G E 91G";SNOOK-LIFE.JPG;;;
VARA CARRETILHA ST. CROIX BLACK BASS;AQUABRAZIL;ST. CROIX RODS;VARA PARA CARRETILHA;R$ 1.740,00;6?8? (PÉS), MEDIUM (POWER), X-FAST (ACTION), 6-20LBS, CASTING 1/4-5/8 OZ., 1 PARTE, BLANK CARBONO SC III (COR TUNGSTEN GREY), PASSADORES EM ÓXIDO DE ALUMÍNIO. TECNOLOGIAS ST. CROIX IPC, FRS E HANDCRAFTED (FEITO A MÃO NOS USA);CROIX-BLACK.JPG;;;
VARA CARRETILHA ST. CROIX LEGEND ELITE 75TH ANNIVERSARY;AQUABRAZIL;ST. CROIX RODS;VARA PARA CARRETILHA;R$ 5.180,00;7' (PÉS), MEDIUM (POWER), FAST (ACTION), 10-17LBS, CASTING 1/4-5/8 OZ., 1 PARTE, BLANK CARBONO SC V (COR FOREST GREEN PEARL), PASSADORES DE TITANIUM / SILICON NITRIDE. TECNOLOGIAS ST. CROIX IPC, ART, TET, FRS E HANDCRAFTED (FEITO A MÃO NOS USA);CROIX-LEGEND.JPG;;;
REVOLTAGE RV II-S68MH+ 14LB;GRUPO WAKOKU / FLÓRIDA MARINE;JACKALL;VARA PARA CARRETILHA;R$ 5.532,00;A VARA QUE VAI POTENCIALIZAR O SEU ESTILO DE PESCA! CADA MODELOS DESSA NOVA SÉRIE POSSUI UMA CARACTERÍSTICA ÚNICA PARA PROPORCIONAR O MÁXIMO DESEMPENHO NO TRABALHO DE CADA TIPO DE ISCA ARTIFICIAL. PARA ISSO, A REVOLTAGE USOU UM DESIGN SIMPLES E SÓBRIO, MAS COM MATERIAIS MODERNOS E COMPONENTES SOFISTICADOS. O BLANK, QUE É ALMA DA VARA, FOI DESENVOLVIDO COM TECNOLOGIA DE PONTA E CADA PARTE DO EQUIPAMENTO RECEBEU UM MATERIAL ESPECÍFICO, DE ACORDO COM CADA ESPECIFICAÇÃO. ISSO, ALÉM DE REDUZIR O PESO, MELHORA A SENSIBILIDADE, POTENCIALIZA A RESISTÊNCIA E CRIA A AÇÃO PERFEITA PARA ATENDER AS NECESSIDADES DE CADA MODALIDADE DE PESCA. OS BLANKS USAM O MAIS MODERNO CARBONO DA TORAY EM CONJUNTO COM A NANOALLOY, UMA RESINA DE APLICAÇÕES AEROESPACIAIS. ALÉM DO BLANK, UM DOS DESTAQUES É O CARBON END GRIP QUE AJUDAM A AUMENTAR A SENSIBILIDADE. OS PASSADORES SÉRIE K COM ANEL SIC SÃO DA FUJI E O CABO É DE CORTIÇA PREMIUM 4A;REVOLTAGE.JPG;;;
DAY´S 360 SÉRIE BRASIL 510M - 16LB;GRUPO WAKOKU / FLÓRIDA MARINE;MAJOR CRAFT;VARA PARA CARRETILHA;R$ 3.702,00;ALTA PERFORMANCE A SERVIÇO DO PESCADOR! JÁ É POSSÍVEL SENTIR A ALTA PERFORMANCE DA DAY?S 360 EM MODELOS DE 5?10? PARA LINHAS DE ATÉ 16 LB E 6 PÉS DE 20LB OU 25LB. OS NOVOS MODELOS UTILIZAM COMPONENTES SOFISTICADOS, ALIADOS A TECNOLOGIA DE PONTA, COMO O SUPER BLANK FEITO COM O CARBONO TORAY T1100G QUE EMPREGA NANO TECNOLOGIA PARA CONTROLAR A ESTRUTURA DA FIBRA, PROPORCIONANDO ALTA RESISTÊNCIA. ESSE MATERIAL PASSA PELO PROCESSO R360 STRUCTURE QUE POSICIONA AS MANTAS DE CARBONO EM DIREÇÕES DIFERENTES: VERTICAL, HORIZONTAL E DIAGONAL CRUZADA (DIREITA E ESQUERDA). ISSO RESULTA EM UM BLANK EXTREMAMENTE LEVE E POTENTE. O CABO É FEITO DE EVA DE ALTA DENSIDADE. O REEL SEAT É O ECS E PASSADORES SIC TITÂNIO - AMBOS DA FUJI. AGORA, SOME TUDO E VOCÊ TERÁ UMA DAS MELHORES VARAS DO MERCADO MUNDIAL, AGORA NO BRASIL, MUITO FORTE, LEVE E QUE PROPORCIONA EXTREMA SENSIBILIDADE.;510M.JPG;;;
REVOLTAGE C64ML-ST 12LB;GRUPO WAKOKU / FLÓRIDA MARINE;JACKALL;VARA PARA CARRETILHA;R$ 5.532,00;A VARA QUE VAI POTENCIALIZAR O SEU ESTILO DE PESCA! CADA MODELOS DESSA NOVA SÉRIE POSSUI UMA CARACTERÍSTICA ÚNICA PARA PROPORCIONAR O MÁXIMO DESEMPENHO NO TRABALHO DE CADA TIPO DE ISCA ARTIFICIAL. PARA ISSO, A REVOLTAGE USOU UM DESIGN SIMPLES E SÓBRIO, MAS COM MATERIAIS MODERNOS E COMPONENTES SOFISTICADOS. O BLANK, QUE É ALMA DA VARA, FOI DESENVOLVIDO COM TECNOLOGIA DE PONTA E CADA PARTE DO EQUIPAMENTO RECEBEU UM MATERIAL ESPECÍFICO, DE ACORDO COM CADA ESPECIFICAÇÃO. ISSO, ALÉM DE REDUZIR O PESO, MELHORA A SENSIBILIDADE, POTENCIALIZA A RESISTÊNCIA E CRIA A AÇÃO PERFEITA PARA ATENDER AS NECESSIDADES DE CADA MODALIDADE DE PESCA. OS BLANKS USAM O MAIS MODERNO CARBONO DA TORAY EM CONJUNTO COM A NANOALLOY, UMA RESINA DE APLICAÇÕES AEROESPACIAIS. ALÉM DO BLANK, UM DOS DESTAQUES É O CARBON END GRIP QUE AJUDAM A AUMENTAR A SENSIBILIDADE. OS PASSADORES SÉRIE K COM ANEL SIC SÃO DA FUJI E O CABO É DE CORTIÇA PREMIUM 4A.;C64ML.JPG;;;
ASSEGAI CASTING;KASTKING;KASTKING;VARA PARA CARRETILHA;R$;VARA PARA CARRETILHA (17 LIBRAS , 6,4 PÉS ) ELITE CARBON BLANKS E TECNOLOGIA NANO RESINA - NOSSOS NOVOS BLANKS ELITE CARBON PATENTEADOS OFERECEM O MÁXIMO EM POTÊNCIA, RESISTÊNCIA E SENSIBILIDADE COM UM BLANK DE GRAFITE SUPER ALTO;ASSEGAI.JPG;;;
LEGACY;MARINE;MARINE;VARA PARA CARRETILHA;R$ 819,00;BLANK: CARBONO TUBULAR 40TON (MT4000) CABO BIPARTIDO EM EVA + CARBONO REEL SEAT: CARBONO (FUJI TCH) PASSADORES: FUJI ALCONITE MODELO KW PONTEIRA: FUJI ALCONITE MODELO MN LGC-C581MLF LGC-C581MF LGC-C581MHF LGC-C601MLF LGC-C601MF LGC-C601MHF LGC-C661MHF LGC-C702HF;LEGACY.JPG;;;
VARA CALIFÓRNIA;STRIKER;STRIKER SPORTFISHING;VARA PARA CARRETILHA;R$ 310,22;VARA DE PESCA - COMPOSIÇÃO: CARBONO IM12 601- CARRETILHA, 6?0? - 1 PARTE - ARREMESSO 10 A 20 G, LINHA 10 - 17LB , POTÊNCIA MEDIA/PESADA, AÇÃO RÁPIDA, PASSADORES DE OXIDO DE ALUMÍNIO , PESO 105 G COM O INOVADOR E TECNOLÓGICO CARBONO IM12 EM SUA COMPOSIÇÃO, A VARA CALIFORNIA APRESENTA MAIOR FLEXIBILIDADE, RESISTÊNCIA E LEVEZA , PROPORCIONANDO AO PESCADOR A MAIS ALTA PERFORMANCE NA PESCA ESPORTIVA?.;CALIFORNIA.JPG;;;
VARA MOLINETE ST. CROIX MOJO BASS TRIGON;AQUABRAZIL;ST. CROIX RODS;VARA PARA MOLINETE;R$ 1.662,00;6?10? (PÉS), MEDIUM LIGHT (POWER), X-FAST (ACTION), 6-20LBS, CASTING 1/16-3/8 OZ., 1 PARTE, BLANK CARBONO SC III (COR TEQUILA SUNRISE), PASSADORES EM ÓXIDO DE ALUMÍNIO/AÇO INOX. TECNOLOGIAS ST. CROIX IPC, FRS, TRIGON DESIGN E HANDCRAFTED (FEITO A MÃO NOS USA);CROIX-MOJO.JPG;;;
VARA MOLINETE ST. CROIX BLACK BASS;AQUABRAZIL;ST. CROIX RODS;VARA PARA MOLINETE;R$ 1.740,00;6?8? (PÉS), MEDIUM (POWER), X-FAST (ACTION), 6-20LBS, CASTING 1/4-5/8 OZ., 1 PARTE, BLANK CARBONO SC III (COR TUNGSTEN GREY), PASSADORES EM ÓXIDO DE ALUMÍNIO. TECNOLOGIAS ST. CROIX IPC, FRS E HANDCRAFTED (FEITO A MÃO NOS USA);ST-CROIX.JPG;;;
DAY´S 360 610L;GRUPO WAKOKU / FLÓRIDA MARINE;MAJOR CRAFT;VARA PARA MOLINETE;R$ 4.032,00;SENSIBILIDADE EXTREMA! UM DOS DIFERENCIAIS DESTE MODELO É A ALTA SENSIBILIDADE TRANSMITIDA NAS PESCARIAS DE FUNDO. ISSO É RESULTADO DO USO DE COMPONENTES SOFISTICADOS, ALIADOS A TECNOLOGIA DE PONTA, COMO O SUPER BLANK FEITO COM O CARBONO TORAY T1100G QUE EMPREGA NANO TECNOLOGIA PARA CONTROLAR A ESTRUTURA DA FIBRA, PROPORCIONANDO ALTA RESISTÊNCIA. ESSE MATERIAL PASSA PELO PROCESSO R360 STRUCTURE QUE POSICIONA AS MANTAS DE CARBONO EM DIREÇÕES DIFERENTES: VERTICAL, HORIZONTAL E DIAGONAL CRUZADA (DIREITA E ESQUERDA). ISSO RESULTA EM UM BLANK EXTREMAMENTE LEVE E POTENTE. O CABO É FEITO DE EVA DE ALTA DENSIDADE. AGORA, SOME TUDO E VOCÊ TERÁ UMA DAS MELHORES VARAS DO MERCADO MUNDIAL, AGORA NO BRASIL, MUITO FORTE, LEVE E QUE PROPORCIONA EXTREMA SENSIBILIDADE.;610L.JPG;;;
KESTREL FINESSE SPINNING;KASTKING;KASTKING;VARA PARA MOLINETE;R$;"KASTKING KESTREL SPIN FINESSE SPINNING ROD 3 PEÇAS 6'8"" UL E KASTKING KESTREL SPINNING E ICE FISHING REEL 1000";KESTREL.JPG;;;
VENZA FUSION;MARINE;MARINE;VARA PARA MOLINETE;R$ 169,00;BLANK: FIBRA DE VÍDRO TUBULAR + PONTEIRA SÓLIDA INTEGRADA AO BLANK CABO: BIPARTIDO E INTEIRIÇO EM EVA REEL SEAT: MARINE PASSADORES E PONTEIRA: ÓXIDO DE ALUMÍNIO (RESISTENTES A MULTIFILAMENTOS) VNZF-S562MLM VNZF-S562MMHF VNZF-S601XHF VNZF-S601XXHF VNZF-S602MHF VNZF-S602HF VNZF-S662MHF VNZF-S662HF VNZF-S662XHF VNZF-S702MM VNZF-S702MHF VNZF-S702XHF;FUSION.JPG;;;
BONÉ 90UP CASUAL;90UP;BASS BOAT;VESTUÁRIO;R$ 129,00;MODELO DAD HAT POLIÉSTER E ALGODÃO TAMANHO ÚNICO MARCA REGISTRADA BASS BOAT E 90UP;90UP-C.JPG;;;
BONÉ 90UP ROSA;90UP;BASS BOAT;VESTUÁRIO;R$ 119,00;MODELO TRUCKER 100% POLIÉSTER TAMANHO ÚNICO MARCA REGISTRADA BASS BOAT E 90UP;90UP-R.JPG;;;
CHAPÉU MZ-171;ALBATROZ;ALBATROZ FISHING;VESTUÁRIO;R$ 107,00;"MATERIAL LEVE, TRANSPIRÁVEL E DE SECAGEM RÁPIDA; FABRICADO EM POLYESTE PONGEE; COM PROTEÇÃO UV; ACOMPANHA ITENS ADAPTÁVEIS; FITA PARA AMARRAR COM REGULAGEM; PROTETOR DE ROSTO; PROTETOR DE PESCOÇO E NUCA; DISPONÍVEL EM TRÊS CORES: ROSA | CHUMBO | CINZA";MZ171.JPG;;;
SAPATILHA AQURUN AZUL CLARO E VERDE ACQUA;AQURUN;AQURUN;VESTUÁRIO;R$ 159,90;SAPATILHAS ESPECIAIS PARA LOCAIS ÚMIDOS E MOLHADOS. AS SAPATILHAS SÃO ULTRA LEVES, FLEXÍVEIS E NÃO RETÉM ÁGUA OU AREIA. IDEAIS PARA ESPORTES AQUÁTICOS, PESCA E PRAIA.;AQURUN.JPG;;;
CAMISA FUSIONX BRK COM CAPUZ E PROTEÇÃO SOLAR UV50+ HOMOLOGADO;BRK;BRK FISHING;VESTUÁRIO;R$ 199,90;A FUSIONX DA BRK FISHING É MAIS QUE UMA CAMISA, É UM EQUIPAMENTO DE ALTA PERFORMANCE PARA PESCADORES EXIGENTES. ? XTECH PRO® ? TECIDO COM TOQUE GELADO, SECAGEM ULTRA RÁPIDA E CONFORTO TÉRMICO. ? PROTEÇÃO SOLAR UV50+ HOMOLOGADO ? BLOQUEIA 98% DOS RAIOS SOLARES. ? PUNHO COM LUVA ? PROTEÇÃO EXTRA PARA AS MÃOS. ? BANDANA E CAPUZ INTEGRADO ? VENTILAÇÃO ? DESIGN EXCLUSIVO ? 20 ESTAMPAS EXCLUSIVAS.;FUSIONX.JPG;;;
LOGO CAP;GRUPO WAKOKU / FLÓRIDA MARINE;JACKALL;VESTUÁRIO;R$ 442,00;O BONÉ MAIS MODERNO E CONFORTÁVEL DO MERCADO! É IMPRESSIONANTE A LEVEZA DESSA PEÇA QUE TEM COMO UM DOS DESTAQUES A ABA. ESTA PARTE É FEITA COM UMA ESTRUTURA EM FORMATO DE COLMEIA. ELE VEM COM LOGOTIPO EMBORRACHADO DISCRETO E ELEGANTE, MAS QUE POSSUI UMA FORTE PRESENÇA, CARACTERÍSTICA DA MARCA.;LOGO-CAP.JPG;;;
JIGGING GLOVES;GRUPO WAKOKU / FLÓRIDA MARINE;MAJOR CRAFT;VESTUÁRIO;R$ 280,00;LUVA PARA GRANDES DESAFIOS! AS NOVAS LUVAS DA MAJOR CRAFT LEVAM EM CONSIDERAÇÃO AS NECESSIDADES PARA A PESCARIA QUE EXIGEM GRANDES ESFORÇOS COMO O JIGGING OU ENFRENTAR AS GRANDES ESPÉCIES MARINHAS. O DORSO DA MÃO É CONFECCIONADO EM MALHA COM EXCELENTE ELASTICIDADE E RESPIRABILIDADE. A PALMA É FEITA DE COURO SINTÉTICO ANTIDERRAPANTE E RESISTENTE AO DESGASTE, PROPORCIONANDO EXCELENTE ADERÊNCIA. O DEDO INDICADOR E O POLEGAR, PONTO QUE GERALMENTE TOCA A LINHA, RECEBEM MATERIAL REFORÇADO. TEM AJUSTE QUE NÃO INTERFERE NO MOVIMENTO DO PULSO, É FABRICADA COM NÁILON EM TRÊS TAMANHOS E EM DUAS CORES: PRETA E AZUL.;JIGGING.JPG;;;
CALÇA STRECH;GRUPO WAKOKU / FLÓRIDA MARINE;BAIT;VESTUÁRIO;R$ 299,00;SUPER LEVE E EXTREMAMENTE CONFORTÁVEL! A NOSSA CALÇA STRETCH É FEITA COM TECIDO COMPOSTO POR 92% DE POLIAMIDA E 8% DE ELASTANO, CERTIFICADA INTERNACIONALMENTE PELO SELO OEKO TEX STANDARD 100 EM ZURICH (SUÍÇA), GARANTINDO AUSÊNCIA DE SUBSTÂNCIAS NOCIVAS À PELE HUMANA, ESPECIALMENTE EM PRODUTOS DESTINADOS A BEBÊS E CRIANÇAS ATÉ 36 MESES. ESTA CALÇA PROPORCIONAM EXTREMO CONFORTO, FACILITANDO OS MOVIMENTOS. SEUS ZÍPERES LATERAIS PERMITEM VESTIR SEM REMOVER O CALÇADO E PODEM SER ENROLADAS ATÉ O JOELHO EM DIAS MAIS QUENTES. POSSUI BOLSO LATERAL E UM BOLSO COM ZÍPER PARA CARREGAR APENAS O NECESSÁRIO, E O REVESTIMENTO INTERNO DO BOLSO É EM POLIAMIDA.;STRECH.JPG;;;
CAMISA CLASSIC PLUS;MAR NEGRO;MAR NEGRO;VESTUÁRIO;R$ 299,00;ESSA SOFISTICADA CAMISA DE BOTÃO DA MAR NEGRO ASSINADA POR FERNANDO FISHER FOI DESENVOLVIDA PARA UM PÚBLICO MAIS EXIGENTE QUE ALÉM DE PROTEÇÃO , QUER UM ESTILO ÚNICO. FEITA NO TECIDO DE POLIAMIDA COM ELASTANO EXTREMAMENTE CONFORTÁVEL E GELADO, ELA VAI TE SURPREENDER;CLASSIC.JPG;;;
CALÇA FLEX;MAR NEGRO;MAR NEGRO;VESTUÁRIO;R$ 129,00;DESENVOLVIDA EM TECIDO DE POLIÉSTER COM ELASTANO E PROTEÇÃO 50+UV ESSE MAIS NOVO LANÇAMENTO DA MAR NEGRO É MUITO VERSÁTIL, TANTO PARA PRÁTICA DA PESCA QUANTO PRO SEU DIA A DIA! POSSUI 4 BOLSOS E CÓS AJUSTÁVEL COM CORDÃO. NÃO VIRA BERMUDA!;FLEX.JPG;;;
X PROTECTION 360;MAR NEGRO;MAR NEGRO;VESTUÁRIO;R$ 159,00;CAPUZ, BUFF, PUNHO LUVA, TOQUE GELADO 50 DE PROTEÇÃO UV SECAGEM RÁPIDA COSTURA REFORÇADA TECIDO 90% POLIAMIDA 10% ELASTANO PESO/GRAMATURA 150GM² CONSTRUÇÃO 78/68 TRAMA DIAGONAL;PROTECTION.JPG;;;
NANOTECH POLYAMIDA TECHNOLOGY;PRESA VIVA;PRESA VIVA;VESTUÁRIO;R$;A TECNOLOGIA NANO TECH POSSUI 80% DE POLIAMIDA E 20% ELASTANO, GARANTINDO DURABILIDADE E ELASTICIDADE SUPERIORES. POSSUI CAPUZ E PASSANTE PARA OS DEDOS, COM PROTEÇÃO SOLAR 50+ FPS>;NANOTECH.JPG;;;
GRAPHICLINE POLYAMIDE TECHNOLOGY;PRESA VIVA;PRESA VIVA;VESTUÁRIO;R$;A TECNOLOGIA DAS CAMISAS GRAPHICLINE SE MANTÊM AOS DA NANO TECH COM PROTEÇÃO UV 50+ FPS, COMBINANDO 80% DE POLIAMIDA E 20% DE ELASTANO, DURABILIDADE E ELASTICIDADE. A CAMISA DE MANGA LONGA OFERECE CONFORTO, MOBILIDADE E OPÇÕES COM CAPUZ E PASSANTE DE DEDO, COM O DIFERENCIAL DE TEXTURAS VISUAIS EXCLUSIVAS NO TECIDO;GRAPHICLINE.JPG;;;
DRYFLEX TECHNOLOGY -;PRESA VIVA;PRESA VIVA;VESTUÁRIO;R$;NOSSA NOVA TECNOLOGIA DRY FLEX COMBINA 92% DE POLYESTER E 8% DE ELASTANO, OFERECENDO MAXIMA LEVEZA, ELASTICIDADE E CONFORTO. IDEAL PARA ATIVIDADES AO AR LIBRE, O TECIDO PROPORCIONA PROTEÇÃO SOLAR 50+ FPS, MANTENDO VOCÊ PROTEGIDO NOS DIAS MAIS INTENSOS. MOBILIDADE, RESPIRABILIDADE E DESEMPENHO EM UM SÓ PRODUTO. CONTROLE TÉRMICO, ZIPER,SECAGEM RÁPIDA;DRYFLEX.JPG;;;
