Nome,Marca,Expositor,Categoria,Valor,Ficha Técnica,Foto
CAIXA MULTIFUNÃÃO MB-500,ALBATROZ,ALBATROZ FISHING,ACESSÃRIOS DE PESCA,"R$ 690,00","COMPARTIMENTO COM ATÃ 3 DIVISÃES E 2 DIVISORES MODULARES; BANDEJA MÃVEL REMOVÃVEL; ALÃA ADICIONAL DE TECIDO; TRAVA DE SEGURANÃA; CLIPE DE ENCAIXE LATERAL; DISPONÃVEL EM DUAS CORES; CONSTRUÃDA EM PLÃSTICO PP. MATERIAL: POLIPROPILENO DIMENSÃES (APROXIMADAS: 29X44,5X23,5CM PESO: 2,6KG CORES AZUL E VERDE",MB-500.JPG
BOLSA PLANO ATLAS TACKLE BAG,AQUABRAZIL,PLANO,ACESSÃRIOS DE PESCA,"R$ 2.999,00","BOLSA PLANO COM TRÃS ESTOJOS 3750 (COMPORTA ATÃ 4), DE CONSTRUÃÃO INOVADORA EM EVA, ÃREA MAGNÃTICA (DROPZONE) PARA SEGURAR ALICATES ENTRE OUTROS ACESSÃRIOS DE METAL NO TOPO, BASE MOLDADA Ã PROVA D'ÃGUA, BOLSOS INTERNOS COM ZÃPER E LATERAIS MOLDADOS.",TACKLE_BAG.JPG
SMART HEAD AUTOBOAT,AUTOBOAT,AUTOBOAT INDUSTRIA E COMÃRCIO DE PRODUTOS NAÃTICOS LTDA,ACESSÃRIOS DE PESCA,"R$ 2.670,00","- FUNÃÃO NOVA: AUTOPOINT JOG - COMPATÃVEL COM MOTORES ELÃTRICO ATÃ 54/55LBS - MANUSEIO APENAS PELO CONTROLE REMOTO OU APLICATIVO - CONTROLE REMOTO COM ALCANCE DE 100M COM FUNÃÃES DE LIGA/DESLIGA, VELOCIDADE, DIREÃÃO, ÃNCORA, NORTE E CRUZEIRO - ROTAÃÃO 360Âº COM O ACOPLADOR MECÃNICO - GPS VIA SATÃLITE - REGULADOR DE PROFUNDIDADE AUTOBOAT - BLUETOOTH (COMPATIBILIDADE COM APP) - INDICADO PARA AGUA DOCE E SALGADA - VELOCIDADES: 10 FRENTE - DESIGN REVOLUCIONÃRIO - 12 VOLTS",SMART_HEAD.JPG
CAIXA ESTOJO ORGANIZADORA BRK DE ISCAS ARTIFICIAIS - ATÃ 80 ISCAS,BRK,BRK FISHING,ACESSÃRIOS DE PESCA,"R$ 189,90","COM A NOSSA CAIXA ORGANIZADORA DE ISCAS ARTIFICIAIS, VOCÃ VAI ARMAZENAR ATÃ 80 ISCAS ARTIFICIAIS COM TOTAL SEGURANÃA E ORGANIZAÃÃO. MATERIAL: PLÃSTICO DE ALTA QUALIDADE, RESISTENTE A IMPACTOS E DESGASTE; CAPACIDADE: ATÃ 80 ISCAS ARTIFICIAIS; DIMENSÃES: 42 CM X 21 CM X 18 CM; SEGURANÃA: TAMPA COM FECHAMENTO SEGURO, PROTEGENDO CONTRA ELEMENTOS EXTERNOS; COMPARTIMENTOS MODULARES: POSSIBILIDADE DE AJUSTAR O TAMANHO DOS COMPARTIMENTOS PARA SE ADEQUAR A DIFERENTES TIPOS E TAMANHOS DE ISCAS;",BRK_ISCAS.JPG
POWER WRAP MACHINE,CUSTOM BY MARCOS,CUSTOM BY MARCO,ACESSÃRIOS DE PESCA,"R$ 3.950,00",TORNO PROFISSIONAL PARA MONTAGEM DE VARA DE PESCA. COM VELOCIDADE CONTROLADA E DISPONÃVEL MODO PARA RESINAR E ATAR PASSADORES NA MESMA MAQUINA.,POWER_WRAP.JPG
EXP 002 FLOATING STYLE,EXPRESS POLARIZADO,EXPRESS POLARIZADOS,ACESSÃRIOS DE PESCA,"R$ 238,00","O ÃCULOS EXP 002 FLOATING FOI CONSTRUÃDO A PARTIR DE UMA RESINA ESPECIALMENTE FORMULADA E MOLDADA POR INJEÃÃO COM UMA DENSIDADE MENOR QUE A DA ÃGUA, PERMITINDO QUE FLUTUEM. TIPO DE LENTE: POLARIZADA ESPESSURA: 1.1MM PROTEÃÃO DA LENTE: 100% DE PROTEÃÃO CONTRA RAIOS UVA / UVB ACOMPANHA: BOX, ESTOJO EM COURO SINTÃTICO, BAG DE MICROFIBRA E CERTIFICADO DE GE",EXP_OO2.JPG
OCULOS STEALTH,GRUPO WAKOKU / FLÃRIDA MARINE,ZEQUE,ACESSÃRIOS DE PESCA,"R$ 2.800,00","O MELHOR POLARIZADO DO MUNDO! A ZEQUE Ã UMA DAS MARCAS MAIS RENOMADAS DO JAPÃO QUANDO O ASSUNTO SÃO ÃCULOS POLARIZADOS. A MARCA PROCURA DESENVOLVER SEUS PRODUTOS COM OS PRINCIPAIS PESCADORES PROFISSIONAIS UTILIZANDO AS MAIS RECENTES TECNOLOGIAS. POR QUE PROPORCIONAM CAMPO DE VISÃO CLARO E UM DESIGN ESPECIAL. CADA PEÃA Ã METICULOSAMENTE MONTADA, CADA DETALHE NO DESENHO TEM UM SIGNIFICADO FUNCIONAL, COMBINANDO COM LEVEZA.",OCULOS_STEALTH.JPG
SHOUT POWERFUL ASSIST 25PA,GRUPO WAKOKU / FLÃRIDA MARINE,SHOUT,ACESSÃRIOS DE PESCA,"R$ 134,00","O ASSIST HOOK MAIS FORTE DO MERCADO! ESTE ASSIST HOOK Ã IDEAL PARA PESCARIA DE GRANDE EXEMPLARES COM METAL JIG. ELE Ã FEITO COM DOIS ANZOIS, SOLID RING, PERNADAS CURTAS E TRANÃADAS FEITAS COM LINHA PE EXTREMAMENTE FORTE. UMA DAS VANTAGENS DESTE ACESSÃRIO Ã PROPORCIONAR UMA FISGADA MELHOR E UMA CONEXÃO MAIS FORTE ENTRE A ISCA E O PEIXE. ESTA MONTAGEM FACILITA A LIBERAÃÃO DOS PEIXES, EVITA ESTRAGAR A ISCA (ARRANHA MENOS). VALE RESSALTAR QUE SÃO USADOS OS FAMOSOS ANZOIS KUDAKO, QUE POSSUEM FORMATO SIMILAR AO LIVE BAIT. O OLHO Ã LEVEMENTE VOLTADO PARA CIMA, GARANTINDO UM MELHOR ÃNGULO E ABERTURA PARA FISGADA; PONTA MAIS ALONGADA; FARPA PEQUENA, MAS DE TAMANHO PERFEITO PARA EVITAR QUE O PEIXE ESCAPE; ALÃM DE SER EXTREMAMENTE REFORÃADO, NÃO PERDER A AFIAÃÃO E NEM OXIDAR.",SHOUT.JPG
TACKLE POUCH,GRUPO WAKOKU / FLÃRIDA MARINE,JACKALL,ACESSÃRIOS DE PESCA,"R$ 330,00","MAIOR PRATICIDADE PARA LEVAR SUA TRALHA! ESTA Ã UMA BOLSA BASTANTE PRATICA PARA LEVAR PACOTES DE ISCAS SOFTS, ACESSÃRIOS COMO ALICATES, ENTRE OUTROS. UMM DOS DESTAQUES Ã SER FEITO COM MATERIAL Ã PROVA DÂ´ÃGUA (NÃO TEM ZÃPER SELADO).",TACKLE_POUCH.JPG
ANZOL WRM959 WIDE GAP OFFSET HEAVY DUTY HOOK,GRUPO WAKOKU / FLÃRIDA MARINE,HAYABUSA,ACESSÃRIOS DE PESCA,"R$ 48,00","ANZOL REFORÃADO PARA TIRAR O PREDADOR DO MEIO DA ESTRUTURA! OS ANZOIS DA CATEGORIA EWG (SIGLA PARA EXTRA WIDE GAP, ALGO COMO ABERTURA EXTRA LARGA) SÃO CARACTERIZADOS POR UMA HASTE CURVA, CRIANDO UM ESPAÃO MAIOR ENTRE ELA E A PONTA. POR CAUSA DESSE FORMATO, Ã INDICADO PARA AS ARTIFICIAIS VOLUMOSAS COMO AS CRIATURAS, SHADS E CRAWS PORQUE NA HORA DA FISGADA, A ISCA DESLIZA PELA HASTE, DEIXANDO UM VÃO MAIOR PARA A PONTA DO ANZOL FICAR EXPOSTA E LIVRE PARA PENETRAR A BOCA DO PEIXE. O DIFERENCIAL DO WRM959 Ã TER UMA CURVA BEM AMPLA E UTILIZAR UM ARAME DE DIÃMETRO MAIS GROSSO, IDEAL PARA TIRAR O PREDADOR DE DENTRO DAS ESTRUTURAS, SEM O RISCO DE ABRIR. ELE AINDA Ã FEITO COM AÃO CARBONO DE ALTA QUALIDADE E RECEBE O TRATAMENTO NRB (NON REFLECTIVE BLACK) FLUORINE COATING - ACABAMENTO QUE DEIXA A SUPERFÃCIE DO ANZOL MAIS LISA E MELHORA EM ATÃ 20% A EFICIÃNCIA DAS SUAS FISGADAS. ESSE REVESTIMENTO TAMBÃM DEIXA APRESENTAÃÃO DO ANZOL MAIS NATURAL, QUASE CAMUFLADA, POR CAUSA DA COR CINZA FOSCA.",WRM959.JPG
ANZOL BRUTAL LASTREADO,GRUPO WAKOKU / FLÃRIDA MARINE,RYUGI,ACESSÃRIOS DE PESCA,"R$ 17,00","PARA FISGAR OS GRANDE PREDADORES! A SÃRIE HEAVY WEIGHTED BRUTAL FOI DESENVOLVIDA PELA RYUGI NO JAPÃO COM A MAIS ALTA TECNOLOGIA PARA OS PESCADORES MAIS EXIGENTES. O RESULTADO Ã UM MODELO DE ALTÃSSIMA PERFORMANCE, QUE USAM AÃO CARBONO DE PRIMEIRA E COM PONTADAS TRATADAS QUIMICAMENTE PARA MÃXIMO PODER DE PERFURAÃÃO E RESISTÃNCIA. A SÃRIE HEAVY WEIGH",LASTREADO.JPG
SNOOK HOOK STRONG,GRUPO WAKOKU / FLÃRIDA MARINE,SASAME,ACESSÃRIOS DE PESCA,"R$ 17,00","O ANZOL PREFERIDO NOS PESQUEIROS! EM SINTONIA COM O MERCADO BRASILEIRO, A SASAME LANÃOU O ANZOL SNOOK HOOK, QUE Ã MAIS REFORÃADO E PRATICAMENTE ÃNICO NESSA CATEGORIA. FEITO COM AÃO CARBONO EXTREMAMENTE FORTE Ã AFIADO QUIMICAMENTE, GARANTINDO FISGADAS CERTEIRAS E SEM DEFORMAR DURANTE A BRIGA, EVITANDO QUE O SEU GRANDE TROFÃU ESCAPE. POSSUI ACABAMENTO BLACK NÃQUEL PARA NÃO ESPANTAR O PEIXE E FORMATO INDICADO PARA ISCAS VIVAS (CAMARÃO E PEQUENOS PEIXES) E PARA OS PEIXES DE PESQUEIROS.",SNOOK_HOOK.JPG
MAJOR STOCK,GRUPO WAKOKU / FLÃRIDA MARINE,MAJOR CRAFT,ACESSÃRIOS DE PESCA,"R$ 210,00","ANZOIS, ASSISTS E SPINNERBAITS ORGANIZADOS! ESTE ACESSÃRIO DA MAJOR CRAFT VAI AJUDAR A MANTER A SUA TRALHA MAIS ORGANIZADA. ELE Ã FEITO COM MATERIAL REFORÃADO, FECHAMENTO EM VELCRO E POSSUI 10 DIVISÃRIAS COM FECHO TIPO ZIP LOCK, EM QUE VOCÃ CONSEGUE COLOCAR O PACOTE INTEIRO DE ANZOIS E SUAS CARTELAS, O QUE FACILITA A IDENTIFICAR CADA MODELO.",MAJOR_STOCK.JPG
DOCUTTE 4300,GRUPO WAKOKU / FLÃRIDA MARINE,RINGSTAR,ACESSÃRIOS DE PESCA,"R$ 480,00","A CAIXA DE PESCA DEFINITIVA! FEITA COM PLÃSTICO USADO PELA INDÃSTRIA AUTOMOBILÃSTICA PARA A PRODUÃÃO DE PARA-CHOQUES, A DOCUTTE Ã EXTREMAMENTE FORTE E TEM UM AMPLO ESPAÃO INTERNO. ESTA CAIXA GRANDE BANDEJA PARA AJUDAR NA ORGANIZAÃÃO DOS SEUS EQUIPAMENTOS. A TAMPA PODE SER ABERTA E FECHADA TANTO DO LADO ESQUERDO QUANTO DO DIREITO, ALÃM DE PODER SER UTILIZADA COMO BANCO. POSSUI UM PORTA-VARAS COMO ACESSÃRIO OPCIONAL E Ã IDEAL PARA PESCARIAS NO MAR, POIS PROTEGE BEM O MATERIAL DOS RESPINGOS DE ÃGUA.",DOCUTTE.JPG
HEAT CUTTER II,GRUPO WAKOKU / FLÃRIDA MARINE,XBRAID,ACESSÃRIOS DE PESCA,"R$ 427,00","CORTE PRECISO EM QUALQUER SITUAÃÃO! ESSE APARELHO DO TAMANHO DE UMA CANETA TEM DUAS FUNÃÃES: CORTAR A LINHA E FAZER ACABAMENTO DO NÃ COM A VANTAGEM DO CORTE PRECISO MESMO EM SITUAÃÃES DE VENTO. ESTE CORTADOR PODE SER CARREGADO VIA USB, PODENDO SER UTILIZADO PARA TODOS OS TIPOS LINHAS (MULTI, NYLON E FLÃOR).",HEAT_CUTTER.JPG
SPLIT COM SOLID OS-12,GRUPO WAKOKU / FLÃRIDA MARINE,ODZ,ACESSÃRIOS DE PESCA,"R$ 112,00","CONEXÃO EXTREMAMENTE FORTE! O COMBO SOLID RING COM SPLIT RING DA ODZ Ã EXTREMAMENTE FORTE. TRATA-SE DE UM ACESSÃRIO FUNDAMENTAL PARA A MONTAGEM DE SEU ASSIST HOOK, POIS PROPORCIONA FACILIDADE NA TROCA DE ISCAS, MAS COM UMA INCRÃVEL RESISTÃNCIA. ESTE ACESSÃRIO, ALÃM DA PESCA VERTICAL, TAMBÃM VEM SENDO USADA EM PESCARIAS DE ÃGUA DOCE, COMO A DE TUCUNARÃ AÃU.",OS_12.JPG
D-FENSE PRO AMBIENTE,HAXEA,IPANEMA INDÃSTRIA DE PRODUTOS VETERINÃRIOS LTDA.,ACESSÃRIOS DE PESCA,"R$ 42,00","NÂº REGISTRO NO M.S./ANVISA: 3.2380.0042 NOME QUÃMICO: TRANSFLUTRINA CLASSE: INSETICIDA COM FÃRMULA INOVADORA, D-FENSE PRO AMBIENTE Ã UM INSETICIDA DE MICRODOSE PARA AMBIENTES. AO ACIONAR A VÃLVULA, D-FENSE PRO AMBIENTE LIBERA MICROPARTÃCULAS QUE SE ESPALHAM RAPIDAMENTE PELO AR, TORNANDO-SE PARTE DA DINÃMICA DO AMBIENTE E GARANTINDO QUE ELE FIQUE LIVRE DE MOSQUITOS E INSETOS DE MANEIRA PRÃTICA E EFICAZ. Ã INDICADO CONTRA MOSQUITOS (AEDES AEGYPTI, ANOPHELES AQUASALIS E CULEX QUINQUEFASCIATUS), TRANSMISSORAS DA DENGUE, CHIKUNGUNYA, ZIKA VÃRUS, FEBRE AMARELA E MALÃRIA, MOSCAS DOMÃSTICAS E INSETOS RASTEIROS, COMO BARATAS E FORMIGAS DOCEIRAS.",D-FENSE-A.JPG
D-FENSE PRO TECIDOS 250 ML,HAXEA,IPANEMA INDÃSTRIA DE PRODUTOS VETERINÃRIOS LTDA.,ACESSÃRIOS DE PESCA,"R$ 69,00","NÂº REGISTRO NO M.S./ANVISA: 3.2380.0031 NOME QUÃMICO: PERMETRINA CLASSE: REPELENTE D-FENSE PRO TECIDOS Ã PARA SER APLICADO DIRETAMENTE SOBRETECIDOS EM GERAL. . Ã INDICADO PARA REPELIR INSETOS, COMO O AEDES AEGYPTI (MOSQUITO TRANSMISSOR DA DENGUE, ZIKA, CHIKUNGUNYA E FEBRE AMARELA), CULEX QUINQUEFASCIATUS (TAMBÃM CONHECIDO COMO MURIÃOCA) E ANOPHELES AQUASALIS (MOSQUITO TRANSMISSOR DA MALÃRIA).",D-FENSE-T.JPG
SUPORTE PARA VARA SEA HORSE,HP MOTONÃUTICA,"HP PESCA, MOTO, NÃUTICA",ACESSÃRIOS DE PESCA,"R$ 69,00","SUPER NOVIDADE NO PESCA E COMPANHIA TRADE SHOW 2025. GUARDE SUAS VARAS COM SOFISTICAÃÃO, ORGANIZAÃÃO E TRANQUILIDADE. SUPORTE FIXO DE PAREDE PARA GUARDAR VARAS. RESISTENTE A ÃGUA, COM MOLAS EM AÃO INOX E ACABAMENTO PREMIUM. ELE Ã TODO EMBORRACHADO PARA NÃO DANIFICAR AS VARAS. CAPACIDADE: ATÃ 6 VARAS MEDIDAS: 30CM(C) X 5CM(A) X 3CM(L)",VARA_SEA_HORSE.JPG
ÃCULOS POLARIZADO YARA DARK VISION,ISCAS YARA,YARA ISCAS ARTIFICIAIS,ACESSÃRIOS DE PESCA,"R$ 179,90","ÃCULOS POLARIZADO YARA DARK VISION MODELO C2407, DESENVOLVIDO EM PARCERIA COM O GRANDE PESCADOR CADU, FOI PROJETADO PARA OTIMIZAR A VISUALIZAÃÃO DOS PEIXES EM SEU HABITAT NATURAL, SEM ABRIR MÃO DO CONFORTO E ESTILO DURANTE A PESCARIA. SUAS LENTES POLARIZADAS TAC (TRI ACETATO DE CELULOSE) POSSUEM PROTEÃÃO UV 400 QUE BLOQUEIAM OS RAIOS UVA / UVB.",DARK_VISION.JPG
KASTKING BRUTUS RED ( PASSAGUÃ ),KASTKING,KASTKING,ACESSÃRIOS DE PESCA,R$,"REDE DE POUSO DOBRÃVEL KASTKING BRUTUS COM GANCHO PARA BARCO, DOBRÃVEL, EXPANSÃVEL, LEVE E FORTE, GANCHO MULTIFUNCIONAL INTEGRADO PARA BARCO, ALÃA TPR LARANJA BRILHANTE E ANTIDERRAPANTE, LARGE COLOR RED DE PVC MATERIAL ALUMINIO PESO 2,09 LIBRAS",KASTKING.JPG
BANQUETA PARA PESCA RELAX,MARIA PESCA,MARIA PESCA,ACESSÃRIOS DE PESCA,"R$ 120,00","BANQUETA RELAX DA MARIA PESCA DIMENÃÃO ALTURA : 70CM LARGURA: 40CM COMPRIMENTO: 43CM FABRICADA EM FERRO 7/8 PAREDE 1,06 PINTURA EPOXI ACENTO E ENCOSTO EM PVC SAPATA DE PROTEÃÃO",BANQUETA_RELAX.JPG
BOLSA M-BP25,MARINE,MARINE,ACESSÃRIOS DE PESCA,"R$ 519,00","BOLSA DE PESCA COM FUNDO RÃGIDO E IMPERMEÃVEL. POSSUI ALÃA REMOVÃVEL, ZÃPERES REFORÃADOS E DIVERSOS COMPARTIMENTOS PARA ACESSÃRIOS. CAPACIDADE: 25 LITROS DIMENSÃES: 30X50X30 CM ACOMPANHA 5 CAIXAS MULTIUSO TAMBÃM DISPONÃVEL PARA VENDA SEM CAIXAS MULTIUSO E EM TAMANHOS MENORES (15 E 20 LITROS).",M-BO25.JPG
FIXADOR HIBRIDO DE CARBONO E TITÃNIO (TC-FBCSK13),MORO DECONTO/FUJI,FUJI,ACESSÃRIOS DE PESCA,"R$ 599,99","OS FIXADORES TCH (TITANIUM CARBON HYBRID) DE ÃLTIMA GERAÃÃO, MOLDADOS EM POLÃMERO COM FIBRA DE CARBONO E TITÃNIO, APRESENTAM CARACTERÃSTICAS DE ALTA RESISTÃNCIA, RIGIDEZ E CORROSÃO ZERO QUE; ALÃM DA LEVEZA ELEVAM A FIXAÃÃO DA CARRETILHA A UMA NOVA ERA DE CONFORTO, SENSIBILIDADE E POTÃNCIA.",TC-FBCS13.JPG
TRANSDUCER HUMMINBIRD MEGA LIVE 2,AQUABRAZIL,HUMMINBIRD,ACESSÃRIOS NÃUTICOS,"R$ 13.800,00","TRANSDUCER HUMMINBIRD QUE POSSUI SINAL EM TEMPO REAL (REAL TIME) COMPATÃVEL COM SONARES DA MARCA. PERMITE TRÃS MODOS DE VISUALIZAÃÃO: DOWN MODE (PARA BAIXO), FORWARD MODE (PARA FRENTE) E LANDSCAPE MODE (PAISAGEM). ALCANCE DE 20X120 GRAUS E ATÃ 100 PÃS (30 M) DE DISTÃNCIA, DEPENDENDO DO MODO UTILIZADO",TRANSDUCER.JPG
BATERIA DE LITIO LIFEPO4 ROYPOW 36V 100AMP,AQUABRAZIL,ROYPOW,ACESSÃRIOS NÃUTICOS,"R$ 16.390,00","BATERIA DE LÃTIO LIFEPO4, FOSFATO DE FERRO LÃTIO, TERMINAL TIPO F2, IP67 (PROTEÃÃO TOTAL CONTRA POEIRA E IMERSÃO ATÃ 1 METRO EM ÃGUA DOCE POR 30 MINUTOS), MONITORAMENTO POR APLICATIVO, ALÃA PARA TRANSPORTE, DIMENSÃES DE 50 X 26 X 26 CM E PESO DE 34KG",ROYPOW.JPG
COLETE AUTO-INFLAVEL BALTIC MODELO WINNER HARNESS 165N,AQUABRAZIL,BALTIC,ACESSÃRIOS NÃUTICOS,"R$ 1.480,00","COLETE DE FLUTUAÃÃO AUTO-INFLÃVEL BALTIC WINNER HARNESS 165N DE MATERIAL EXTRA FORTE, SUPER ANATÃMICO, COM ARNÃS DE SEGURANÃA, CINTO AJUSTÃVEL, ISO 12402-6, CILINDRO DE CO2 E CAPACIDADE DE 40-150 KG",165N.JPG
CAIXA COZINHA PORTATIL RONDON,BARCOS RONDON,BARCOS E CARRETAS RONDON,ACESSÃRIOS NÃUTICOS,"R$ 3.500,00","DIMENSÃES: 55 X 35 X 43 CM. PESO: APROXIMADAMENTE 13 KG. MATERIAL: ALUMÃNIO/ PINTURA ELETROSTÃTICA; ACESSÃRIOS: 1 FOGÃO INOX, 1 FRIGIDEIRA, 1 CAÃAROLA, 1 ESCUMADEIRA, 6 COPOS DE ACRÃLICO, 6 PRATOS DE MELANINE, 3 PORTA MANTIMENTOS, 4 PORTA TEMPERO INOX, 6 GARFOS E 6 FACAS",CAIXA.JPG
SUPORTE PARA 3 VARAS BARCO BASS BOAT REGULÃVEL,HP MOTONÃUTICA,"HP PESCA, MOTO, NÃUTICA",ACESSÃRIOS NÃUTICOS,"R$ 449,00","*NOVIDADE NO PESCA E COMPANHIA TRADE SHOW 2025! *AUMENTE SUA EFICIÃNCIA E ORGANIZAÃÃO NA PESCA COM NOSSO SUPORTE PARA 3 VARAS BARCO BASS BOAT REGULÃVEL *IDEAL PARA LANCHAS, BARCOS, CAIAQUES, BOTES E STAND UP *A BASE QUE FIXA O SUPORTE NA EMBARCAÃÃO Ã FACILMENTE REMOVÃVEL DO SUPORTE SEMPRE QUE NECESSÃRIO E PODE SER INSTALADA TANTO NA LATERAL QUANTO NA SUPERFÃCIE DA EMBARCAÃÃO. *POSSUI UM SISTEMA ESCAMOTEÃVEL PRÃTICO, QUE PERMITE REGULAR O SUPORTE EM VÃRIOS ÃNGULOS. *TEM UM REBAIXAMENTO ONDE ENCAIXA A VARA IDEAL PARA VARAS COM MOLINETE OU CARRETILHA. *VEM COM FUROS PARA PRENDER ANZÃIS, ISCAS, ALICATES, FACAS E OUTROS EQUIPAMENTOS PARA PESCA. *3 SUPORTES COM 25 CM DE ALTURA E 6 CM DE DIÃMETRO E 12 CM DE DISTÃNCIA UM DO OUTRO. *1 BASE COM 10 CM DE COMPRIMENTO E 4,5 CM DE LARGURA *ALTURA TOTAL DO SUPORTE 42 CM *COR: PRETO *MATERIAL: POLIPROPILENO",BASS.JPG
JACK PLATE MECÃNICO 300HP,MORO DECONTO/FUJI,DECONTO NÃUTICA,ACESSÃRIOS NÃUTICOS,"R$ 6.025,80","NOVO JACK PLATE MECÃNICO 300HP DA DECONTO NÃTUCIA, A PEÃA QUE FALTAVA PARA SUA NAVEGAÃÃO DE ALTA PERFORMANCE. AJUSTE FÃCIL E PRECISO, MAIS VELOCIDADE E ECONOMIA PARA SUA EMBARCAÃÃO. DISPONÃVEL EM 6"", 8"" E 10"" POLEGADAS.",300HP.JPG
COLETE SALVA VIDA - TIPO BOIA DE BRAÃO - MOD BABYA,RIOS E MARES,SBS BRASIL SUL SALVATAGEM LTDA - RIOS E MARES,ACESSÃRIOS NÃUTICOS,"R$ 115,00","COLETE SALVA VIDAS, HOMOLOGADO PELA MARINHA DO BRASIL, CLASSE V, COM ESTAMPA EXCLUSIVA PARA IDENTIFICAR CRIANÃAS NO ESPECTRO AUTISTA. ÃNICO TAMANHO 15 ATÃ 25 KG. CONFECCIONADO NO TECIDO POLIAMIDA, TIRANTES EM POLIPROPILENO 40MM, ENCHIMENTO POLIETILENO DE CÃLULAS FECHADAS 6MM E FECHO EM POLIACETAL 40MM.",BABYA.JPG
COLETES SALVA VIDAS - TIPO JALECO - MOD HSLA,RIOS E MARES,SBS BRASIL SUL SALVATAGEM LTDA - RIOS E MARES,ACESSÃRIOS NÃUTICOS,"R$ 145,00 A R$ 205,00","COLETES SALVA VIDAS, HOMOLOGADOS PELA MARINHA DO BRASIL, CLASSE V, COM ESTAMPA EXCLUSIVA PARA IDENTIFICAR PESSOAS NO ESPECTRO AUTISTA. EM VÃRIOS TAMANHOS: PP,P,M,G E EG. CONFECCIONADO NO TECIDO POLIÃSTER, VIVO EM POLIPROPILENO, TIRANTES EM POLIPROPILENO 25MM, ENCHIMENTO POLIETILENO DE CÃLULAS FECHADAS 6MM E FECHOS EM POLIACETAL 25MM.",HSLA.JPG
CARRETILHA KAYMAN,ALBATROZ,ALBATROZ FISHING,CARRETILHA,R$,MATERIAL: CARBONO E ALUMÃNIO; ROLAMENTOS: 6+1; RECOLHIMENTO: 8.1:1; DRAG: 8KG (3 DISCOS DE CARBONO + 2 DE AÃO INOX + 1 DURALUMÃNIO); PESO (APROXIMADO): 156G CAPACIDADE DE LINHA (MM/M): 0.14/200 - 0.24/130; GUIA FIO TRIANGULAR EM NITRETO E TITÃNIO; FREIO MAGNÃTICO CORPO E CARRETEL EM ALUMÃNIO REFORÃADO; ESTRELA DE FRICÃÃO E TAMPA LATERAL EM FIBRA DE,KAYMAN.JPG
CARRETILHA SEVIIN ST CROIX GF SERIES,AQUABRAZIL,SEVIIN - ST. CROIX,CARRETILHA,"R$ 1.288,00","CARRETILHA SEVIIN GF SERIES, 5 ROLAMENTOS (4 +1) DE AÃO INOX, COROA/PINHÃO DE LATÃO, CHASSI/TAMPA EM GRAFITE DE PEÃA ÃNICA, MANIVELA DE CARBONO, CARRETEL DE ALUMÃNIO, DRAG (FREIO) DE 15LBS (6,8 KG) MULTI-SLACK EM FIBRA DE CARBONO/AÃO INOX, GEAR RATIO (VELOCIDADE) 8.1:1, CONTR. MAGNÃTICO DE ARREMESSO MICRO AJUSTÃVEL, DISCO INDICADOR DE LINHA E 207G",CROIX_GF.JPG
CARRETILHA (SPEED DEMON ELITE),KASTKING,KASTKING,CARRETILHA,R$,"- CARRETILHA DE PESCA MAIS RÃPIDA DO MERCADO! VELOCIDADE DE RECOLHIMENTO: 10.5:1 ? DRAG DE 17,6LB | 8KG ? SISTEMA DE FRICÃÃO MULTIDISCOS DE CARBONO ? PESO: 190G ? CAPACIDADE DE LINHA: 150M DE 0.25MM / 105M DE 0.30MM ? ENGRENAGEM EM ALUMÃNIO 7075 AEROESPACIAL SUPER REFORÃADO ? PINHÃO EM LATÃO COM MANGANÃS DE ALTA RESISTÃNCIA ? 10 + 1 ROLAMENTOS EM AÃO INÃX ? POSSUI GUIA DE LINHA CÃNICO REVESTIDO EM CERÃMICA ? CORPO EM ALUMÃNIO AEROESPACIAL CNC ? FREIO CENTRÃFUGO E CONTROLE DE TENSÃO DO CARRETEL.",DEMON_ELITE.JPG
VENATOR ACX,MARINE,MARINE,CARRETILHA,"R$ 1.149,00",CHASSI EM ALUMÃNIO E LATERAIS EM CARBONO. PINHÃO EM LATÃO APOIADO POR ROLAMENTO. COROA EM DURALUMÃNIO. GUIA DE LINHA REVESTIDO EM TITÃNIO COM 2 ESTÃGIOS. BOTÃES DE AJUSTE E ESTRELA PONTO A PONTO. SISTEMA DE CONTROLE DE ARREMESSO MAGLEV. ROLAMENTOS 10+1. VELOCIDADE DE RECOLHIMENTO 8.3:1. IPT 88CM. HOOK HOLDER SINAL SONORO DE SAÃDA DE LINHA. DRAG7KG,VENATOR-ACX.JPG
LANCHA NAVIS 650X,BARCOS RONDON,BARCOS E CARRETAS RONDON,EMBARCAÃÃO / CAIAQUE,"R$ 115.800,00",CAPACIDADE DE CARGA 550 KG NÃMERO DE TRIPULANTES 01 NÃMERO DE PASSAGEIROS 06 PESO APROXIMADO 600 KG MOTORIZAÃÃO 175 - 300 HP COMPRIMENTO DO BARCO 6.50 M BOCA MÃXIMA 2.30 M PONTAL 0.78 M CALADO 0.15 M ESPESSURA DO COSTADO 2.0 MM ESPESSURA DO CASCO 3.0,650X.JPG
ROVERCAT 190,MURANO,MURANO YACHTS,EMBARCAÃÃO / CAIAQUE,"R$ 189.900,00","LANCHA, CASCO CATAMARÃ MONOMOTOR DE 19 PÃS, FABRICADA EM FIBRA DE VIDRO. UNICA LANCHA NA SUA CATEGORIA DESENVOLVIDA ESPECIALMENTE PARA PRATICA DA PESCA COM CAIXAS DE PEIXE, CAIXAS DE ISCA VIVA, CIRCULAÃÃO 360Âº E CONSOLE CENTRAL. IDEAL PARA PESCA, MERGULHO E LAZER NO MAR, RIOS E REPRESAS.",ROVERCAT.JPG
CAMA DOBRAVEL ZDC-182,ALBATROZ,ALBATROZ FISHING,ESPORTE OUTDOOR E CAMPING / CUTELARIA,"R$ 450,00","DOVRÃVEL E EXTREMAMENTE FÃCIL DE MONTAR | TECIDO REFORÃADO EM OXFORD 6000 | PESO DO PRODUTO: 3,6KG | DISTÃNCIA DO CHÃO DO ASSENTO: 30CM | TAMANHO: 182X60CM | MATERIAL:TECIDO OXFORD 600D, FERRO, POLITILENO | RESISTÃNCIA: 150KG | TAM.TUBO: 25MM, ESPESSURA DE 0,7MM",ZDC-182.JPG
CANIVETE CIMO COLOMBO INOX CABO FIBRA CARB C/CLIP,CIMO,CUTELARIA CIMO,ESPORTE OUTDOOR E CAMPING / CUTELARIA,"R$ 147,90","COMEÃANDO COM A LÃMINA, O CANIVETE COLOMBO POSSUI UMA LÃMINA DE AÃO INOX 420C RESISTENTE DE 2,5MM, COM PERFIL CLIP POINT . O ACABAMENTO STONE WASHED, PRODUZIDO POR UM MODERNO PROCESSO DE CORTE A LASER, TRAZ UMA BELEZA ÃNICA E RESISTÃNCIA INCOMPARÃVEL, DESTACANDO O CANIVETE INOX NO UNIVERSO DA CUTELARIA.",FIBRA-CARB.JPG
FOGAREIRO DESMONTAVEL CIMO INOXFIRE 12 COM BAG VDE,CIMO,CUTELARIA CIMO,ESPORTE OUTDOOR E CAMPING / CUTELARIA,"R$ 90,59","MATERIAL PREMIUM: FABRICADO EM AÃO INOX DE ALTA QUALIDADE, COM CERTIFICAÃÃO QUE ASSEGURA SUA DURABILIDADE E RESISTÃNCIA. LEVE E COMPACTO: COM PESO DE APENAS 528 GRAMAS, Ã FÃCIL DE TRANSPORTAR E NÃO ADICIONA PESO DESNECESSÃRIO Ã SUA MOCHILA OU BAGAGEM. DIMENSÃES IDEAIS: QUANDO MONTADO, POSSUI AS MEDIDAS C: 13,2 X L14,0 X A 15,5 CM. DESMONTADO E ACONDICIONADO NA BOLSA, FICA COM DIMENSÃES DE 16 X 15 X 1 CM. DESIGN EXCLUSIVO CIMO: CORTADO A LASER PARA GARANTIR PRECISÃO IMPECÃVEL NA MONTAGEM, POSSUI UM DESIGN CONTEMPORÃNEO QUE COMBINA COM QUALQUER AMBIENTE. BOLSA DE TRANSPORTE DE QUALIDADE: ACOMPANHA UMA BOLSA ROBUSTA FABRICADA EM NYLON 600, ASSEGURANDO PROTEÃÃO E FACILIDADE NO TRANSPORTE DO SEU FOGAREIRO. DUAS VARIAÃÃES DE USO: CHAPA PARA USO COM A CHAMA FECHADA E AQUECIMENTO E ATÃ MESMO GRELHAR, E OPÃÃO DE CHAMA ABERTA PARA USO COM PANELAS OU ATÃ MESMO CHURRASCO.",INOXFIRE.JPG
CONJUNTO CIMO TRAVEL VERDE POINT CLEAVER - DUPLO,CIMO,CUTELARIA CIMO,ESPORTE OUTDOOR E CAMPING / CUTELARIA,"R$ 108,65","BAG DE TRANSPORTE EXCLUSIVA: FABRICADA EM NYLON 600, NA VERSÃO VERDE, GARANTINDO PROTEÃÃO E PRATICIDADE NO TRANSPORTE DE SEU KIT, ALIADO AO FECHAMENTO COM A FIVELA EM AÃO INOX CIMO. MADEIRA CERTIFICADA FSCÂ® : FOREST STEWARDSHIP COUNCILÂ® TÃBUA SLIM EM JATOBÃ: CORTADA POR UM PROCESSO COMPUTADORIZADO, ESTA TÃBUA Ã FEITA DE UMA PEÃA ÃNICA DE JATOBÃ, SEM EMENDAS, TRAZENDO ELEGÃNCIA E DURABILIDADE. FACA CLEAVER DE ALTO DESEMPENHO: FABRICADA EM AÃO INOX E COM PERFIL CLEAVER, ESTA FACA ULTRA LEVE TEM UM ACABAMENTO STONE WASHED, IDEAL PARA CORTES PRECISOS E RÃPIDOS. GARFO MULTIFUNCIONAL: ALÃM DE SER TEMPERADO, ESTE GARFO VEM COM UM ABRIDOR DE GARRAFAS EMBUTIDO, TORNANDO-O UMA FERRAMENTA ESSENCIAL PARA QUALQUER AVENTURA. FACA CLIP POINT DE ALTO DESEMPENHO: FABRICADA EM AÃO INOX E COM PERFIL CLIP POINT, ESTA FACA ULTRA LEVE TEM UM ACABAMENTO STONE WASHED, IDEAL PARA CORTES PRECISOS E RÃPIDOS. DESIGN INTUITIVO E ELEGANTE: PENSADO PARA SER LEVE E FÃCIL DE USAR, CADA COMPONENTE DESTE KIT Ã UMA PROVA DO COMPROMISSO DA CUTELARIA CIMO COM A EXCELÃNCIA.",CLEAVER.JPG
CHURRASQUEIRA DESMONTAVEL CIMO INOX TRAVEL COM BAG,CIMO,CUTELARIA CIMO,ESPORTE OUTDOOR E CAMPING / CUTELARIA,"R$ 578,64","PESO: 3,4 KG LARGURA: 32 CM COMPRIMENTO: 23 CM ALTURA: 18 CM ÃREA DE GRELHA: 30 X 21,5 CM MATERIAL: AÃO INOX 100% POTÃNCIA: 8500 BTU/H SISTEMA DE VÃLVULA DE SEGURANÃA E ROSCA EN 417:2012",INOX-TRAVEL.JPG
LEATHERMAN ARC,CROSSTER,LEATHERMAN,ESPORTE OUTDOOR E CAMPING / CUTELARIA,"R$ 2.421,71","O LEATHERMAN ARC Ã A PRIMEIRA MULTIFERRAMENTA A INCLUIR O AÃO PREMIUM MAGNACUT. SUA LÃMINA PRINCIPAL Ã FEITA DE AÃO CPM MAGNACUT QUE MANTÃM O FIO POR MUITO MAIS TEMPO E SE DESTACA EM RESISTÃNCIA Ã CORROSÃO, TENACIDADE E FACILIDADE DE AFIAÃÃO. O RESULTADO Ã UMA LÃMINA PERFEITA PARA TAREFAS DIÃRIAS E TAMBÃM PARA OS AMBIENTES MAIS ADVERSOS. O REVESTI 20 FERRAMENTAS LÃMINA EM AÃO CPM MAGNACUT ALICATE DE PONTA FINA ALICATE REGULAR DRIVER DE BITS GRANDE LIMA REVESTIDA DE DIAMANTES DRIVER DE BITS PEQUENO LIMA DE MADEIRA/METAL FERRAMENTA DE ALAVANCA CORTADORES DE FIO SUBSTITUÃVEIS PREMIUM CORTADORES DE FIO RÃGIDO SUBSTITUÃVEIS PREMIUM SUPERFÃCIE DE IMPACTO CHAVE DE FENDA GRANDE ABRIDOR DE GARRAFA ABRIDOR DE LATA SOVELA (FURADOR) TESOURA COM AÃÃO DE MOLA SERRA DESCASCADOR DE FIOS CRIMPADOR ELÃTRICO LIMA DE BORDA",LEATHERMAN.JPG
LAREIRA / CHURRASQUEIRA MULTI-FUNCIONAL PETROMAX ATAGO,CROSSTER,PETROMAX,ESPORTE OUTDOOR E CAMPING / CUTELARIA,"R$ 2.096,21","COMPACTO E PORTÃTIL COMBINA GRELHA, FOGÃO, FORNO E LAREIRA / FIRE-PIT COMPÃTIVEL COM CARVÃO, BRIQUETES E LENHA AQUECIMENTO EFICAZ PELO ""EFEITO CHAMINÃ"" FOGO COM POUCA FUMAÃA GRAÃAS AO DESIGN DE PAREDE DUPLA E SISTEMA DE COMBUSTÃO SECUNDÃRIA",PETROMAX.JPG
BARRACA SEA TO SUMMIT IKOS LIGHTWEIGHT TR2,CROSSTER,SEA TO SUMMIT,ESPORTE OUTDOOR E CAMPING / CUTELARIA,"R$ 3.634,43","IDEAL PARA DUAS PESSOAS A ARQUITETURA TENSION RIDGE ENTREGA UMA PROPORÃÃO SUPERIOR DE ÃREA ÃTIL X PESO DO QUE BARRACAS SIMILARES, OFERECENDO MUITO MAIS ESPAÃO AO REDOR DA CABEÃA E OMBROS O TENSION RIDGE PERMITE AMPLA VENTILAÃÃO NO PONTO MAIS ALTO DA BARRACA, AJUDANDO A MINIMIZAR O ACÃMULO DE CONDENSAÃÃO. AO CONTRÃRIO DA MAIORIA DOS DESIGNS DE VENTILAÃÃO, O APEX VENT NÃO REQUER UM PAINEL DE TELA PARA MANTER A TENSÃO ATRAVÃS DO SOBRE-TETO - PERMITINDO ATÃ 70% MAIS FLUXO DE AR, SEM RESTRIÃÃES PELA TELA BASELINE VENTS PERMITEM CONTROLAR O FLUXO DE AR E GERENCIAR A UMIDADE E A CONDENSAÃÃO EM CONDIÃÃES ÃMIDAS SEM DEIXAR A CHUVA ENTRAR MÃLTIPLAS OPÃÃES DE CONFIGURAÃÃO SIGNIFICAM QUE AS BARRACAS SÃO CAPAZES DE SE ADAPTAR AO CLIMA OU Ã SUA ATIVIDADE O SOBRE-TETO PODE SER MONTADO PRIMEIRO, GARANTINDO QUE O INTERIOR SE MANTENHA SECO DURANTE O PROCESSO DE MONTAGEM E DESMONTAGEM OS PAINÃIS INTERNOS DE MALHA SÃO PROJETADOS PARA PERMITIR O MAIOR FLUXO DE AR MANTENDO SIMULTANEAMENTE PROTEÃÃO CONTRA INSETOS PEQUENOS, COMO MOSQUITOS E MOSCAS DE AREIA",TR2.JPG
PANELA DOBRÃVEL SEA TO SUMMIT FRONTIER UL COLLAPSIBLE POURING POT 2L AZUL,CROSSTER,SEA TO SUMMIT,ESPORTE OUTDOOR E CAMPING / CUTELARIA,"R$ 603,56","DESIGN COLAPSÃVEL QUE ECONOMIZA ESPAÃO, EXPANDINDO-SE PARA SE TORNAR UMA PANELA DE 2,2 L BASE EM ALUMÃNIO LIGA LEVE DE ANODIZAÃÃO DURA QUE GARANTE EXCELENTE TRANSFERÃNCIA DE CALOR CABO CLICK-SAFE PERMITE MANUSEIO SEGURO; SERVE COMO TRAVA PARA A TAMPA E O CONTEÃDO DA CAÃAROLA DURANTE O TRANSPORTE FABRICADO COM MATERIAIS ATÃXICOS TECNOLOGIA LIDKEEP PERMITE QUE A TAMPA SEJA PRESA NA LATERAL DA PANELA PROJETADO PARA SE ENCAIXAR COM UTENSÃLIOS DA LINHA FRONTIER O AMPLO ESPAÃO ENTRE A BASE E AS LATERAIS DA PANELA FACILITA O MANUSEIO DOS ALIMENTOS - MEXER E VIRAR A COMIDA DENTRO DA PANELA NUNCA FOI TÃO FÃCIL! PROJETADO PARA ENCAIXAR PERFEITAMENTE COM AS COLHERES DA SEA TO SUMMIT",COLLAPSIBLE.JPG
CHALEIRA COLAPSÃVEL SEA TO SUMMIT FRONTIER ULTRALIGHT,CROSSTER,SEA TO SUMMIT,ESPORTE OUTDOOR E CAMPING / CUTELARIA,"R$ 458,48","CHALEIRA COLAPSÃVEL ULTRALEVE COM CAPACIDADE DE 1,1 L IDEAL PARA PEQUENAS AVENTURAS CASO DESEJE COZINHAR, TAMBÃM PODE SER USADO COMO PANELA PEQUENA APRESENTA BASE E TAMPA EM ALUMÃNIO ANODIZADO COM PEGADOR DE SILICONE EMBORRACHADO ALÃAS DUPLAS EM NYLON REFORÃADO COM FIBRA DE VIDRO PROPORCIONAM MAIOR CONTROLE AO DESPEJAR FABRICADO COM SILICONE ATÃXICO E ALUMÃNIO, RESULTANDO EM UM PRODUTO LEVE E DURÃVEL A BASE EM ALUMÃNIO ANODIZADO GARANTE EXCELENTE TRANSFERÃNCIA DE CALOR, PREVENINDO HOT SPOTS",ULTRALIGHT.JPG
HOLOFOTE PORTÃTIL LEDLENSER AF4R WORK,CROSSTER,LEDLENSER,ESPORTE OUTDOOR E CAMPING / CUTELARIA,"R$ 1.515,89","REFLETOR DE ALTA POTÃNCIA COM 2000 LUMENS, 5 NÃVEIS DE BRILHO E LUZ AJUSTÃVEL EM 5 ETAPAS TECNOLOGIA MULTI-CONCENTRATED LIGHT OFERECE ILUMINAÃÃO DIRECIONADA EFICIENTE, MÃXIMA ILUMINAÃÃO E REDUZ O OFUSCAMENTO FUNCIONAMENTO HÃBRIDO: UTILIZE COM BATERIA OU COM A FONTE DE ENERGIA ELÃTRICA INCLUSA CORPO EM ALUMÃNIO ROBUSTO E ALTA PROTEÃÃO CONTRA ÃGUA E POEIRA (IP67) COMPATÃVEL COM BLUETOOTH, PODE USAR CONTROLE VENDIDO SEPARADAMENTE",LEDLENSER.JPG
LAMPIÃO LED FEUERHAND BABY SPECIAL 276 AZUL,CROSSTER,FEUERHAND,ESPORTE OUTDOOR E CAMPING / CUTELARIA,"R$ 707,72",LANTERNA LED FEUERHAND COM VISUAL ATEMPORAL PODEROSA: LED BRANCO QUENTE COM FLUXO LUMINOSO DE 150 LM ACONCHEGANTE: LED DIMERIZÃVEL (2-150 LM) VERSÃTIL: ILUMINAÃÃO AMBIENTE PARA ÃREAS INTERNAS E EXTERNAS A QUALQUER HORA EFICIENTE: AUTONOMIA DE ILUMINAÃÃO DE ATÃ 18 DIAS DESIGN E CORES PARA QUALQUER AMBIENTE FABRICADO DA ALEMANHA,FEUERHAND.JPG
COOLER BOX THERMO PREMIUM 20 LITROS ? SEA HORSE,HP MOTONÃUTICA,"HP PESCA, MOTO, NÃUTICA",ESPORTE OUTDOOR E CAMPING / CUTELARIA,"R$ 669,00","O COOLER BOX THERMO-PREMIUM SEA HORSE Ã A MAIOR INOVAÃÃO DO MERCADO DE CAIXAS TÃRMICAS PORTÃTEIS. POSSUI UM ISOLAMENTO TÃRMICO EXTRA. SUA ABERTURA DE BOCA E O RESISTENTE LEAK PROOF ZIPPER FACILITAM O CARREGAMENTO E O ACESSO A ALIMENTOS E BEBIDAS, AUMENTANDO A DURABILIDADE E O PODER DE RETENÃÃO DA TEMPERATURA. O ISOLAMENTO TÃRMICO EXCLUSIVO, OFERECE UM INCRÃVEL PODER DE PRESERVAÃÃO DE GELO E SUPERA EM MUITO OS COOLERS E CAIXAS COMUNS. RESISTENTE AO TRANSPORTE DO DIA A DIA. NÃO GERA UMIDADE NA PARTE EXTERNA. LEVE, DURÃVEL E COM COSTURAS E EMENDAS SOLDADAS POR RADIOFREQUÃNCIA QUE CRIAM UMA VEDAÃÃO IMPERMEÃVEL EXTRA FORTE. **RESISTÃNCIA AO DESGASTE E MATERIAL Ã PROVA DE ÃGUA **FORRO DE QUALIDADE ALIMENTAR **RESFRIAMENTO ATÃ 72 HORAS **SISTEMA DE ALÃA DE OMBRO AJUSTÃVEL E REFORÃADA **ESPUMA DE ISOLAMENTO DE ALTA DENSIDADE **SISTEMA DE ISOLAMENTO COM 5 CAMADAS MATERIAL: NYLON + TPU* + LAPRENE EXPANDIDO CAPACIDADE: 20 LITROS MEDIDAS EXTERNAS: 41 X 28 X 31 (COMPRIMENTO X ALTURA X LARGURA) * POLIURETANO TERMOPLÃSTICO Ã FREQUENTEMENTE ABREVIADO COMO TPU. Ã UM ELASTÃMERO TERMOPLÃSTICO PROCESSÃVEL POR FUSÃO. ELE TEM AS CARACTERÃSTICAS TANTO DO PLÃSTICO QUANTO DA BORRACHA. ASSIM, ELE EXIBE PROPRIEDADES COMO DURABILIDADE, FLEXIBILIDADE E EXCELENTE RESISTÃNCIA Ã TRAÃÃO.",COOLER-BOX.JPG
GUARDA-SOL TIPO OMBRELONE VALÃNCIA AZUL,KALA,KALA,ESPORTE OUTDOOR E CAMPING / CUTELARIA,"R$ 271,99","A SOLUÃÃO IDEAL PARA UMA PROTEÃÃO SOLAR EFICIENTE, ESTE GUARDA-SOL TEM DESIGN ELEGANTE E Ã FÃCIL DE MANUSEAR. PESANDO 3,2 KG E COM 2,20 M DE ALTURA E 2,40 DE ENVERGADURA, BLOQUEIA ACIMA DE 98% DA RADIAÃÃO ULTRAVIOLETA (FPS: UV 50+). Ã IDEAL PARA GARANTIR MOMENTOS CONFORTÃVEIS E AGRADÃVEIS AO AR LIVRE SOB O SOL, INCLUINDO PASSEIOS NA PRAIA E EXPERIÃNCIAS EM PISCINA OU CAMPING.",OMBRELONE.JPG
FOGAREIRO SLIM DOBRÃVEL AZUL A GÃS,KALA,KALA,ESPORTE OUTDOOR E CAMPING / CUTELARIA,"R$ 319,90","PERFEITO PARA PIQUENIQUES, ACAMPAMENTOS E OUTRAS EXPERIÃNCIAS CULINÃRIAS AO AR LIVRE, TEM UM POTENTE QUEIMADOR A GÃS QUE AJUDA A POUPAR TEMPO E RECURSOS. ALÃM DE CONTAR COM IGNIÃÃO AUTOMÃTICA E AJUSTE FINO DE CHAMA, POSSUI 2.600 W DE POTÃNCIA E SUAS DIMENSÃES SÃO: 275 MM X 325 MM X 100 MM (ABERTO) E 250 MM X 83 MM X 110 MM (FECHADO). PORTANTO, Ã UM FOGAREIRO COMPACTO, EFICIENTE E FÃCIL DE USAR E LIMPAR.",FOGAREIRO.JPG
BARRACA NÃMADE 4/5 PESSOAS,KALA,KALA,ESPORTE OUTDOOR E CAMPING / CUTELARIA,"R$ 859,90","INDICADA PARA ACAMPAMENTOS E OUTRAS AVENTURAS AO AR LIVRE, ESTA BARRACA DE ESTRUTURA REFORÃADA Ã PRODUZIDA COM MATERIAL DE ALTA QUALIDADE E DURABILIDADE. SUAS DIMENSÃES SÃO DE 2,35 M (C), 2,35 M (L) E 1,45 M (A), O QUE PROPORCIONA BASTANTE ESPAÃO E CONFORTO, COM CAPACIDADE PARA 4/5 PESSOAS. PESANDO 3,5 KG, Ã PRÃTICA E FÃCIL DE MONTAR, DESMONTAR E TRANSPORTAR.",BARRACA.JPG
TÃBUA DE CORTE E SERVIR DUPLA FACE | TUCUNA,SOFTCUT,SOFTCUT,ESPORTE OUTDOOR E CAMPING / CUTELARIA,"R$ 199,00","A LINHA SOFTCUT PESCA FOI DESENVOLVIDA PARA ENTUSIASTAS DA PESCA QUE BUSCAM UM PRODUTO VERSÃTIL E DE ALTA QUALIDADE. COM UM DESIGN EXCLUSIVO INSPIRADO NOS PRINCIPAIS PEIXES, CADA TÃBUA PROPORCIONA NÃO APENAS UMA SUPERFÃCIE DE CORTE EFICIENTE, MAS TAMBÃM UMA EXPERIÃNCIA ÃNICA NA HORA DE SERVIR. FEITA EM 100% POLIETILENO PURO E ATÃXICO, A SOFTCUT PESCA GARANTE SEGURANÃA ALIMENTAR, FACILIDADE DE HIGIENIZAÃÃO E DURABILIDADE. COM MICROTEXTURA INOVADORA, EVITA O DESLIZAMENTO DOS ALIMENTOS, TORNANDO O PREPARO E O CORTE MAIS SEGUROS. IDEAL TANTO PARA O PREPARO DO PESCADO QUANTO PARA SERVIR CHURRASCOS E PETISCOS, ELEVANDO A EXPERIÃNCIA NA MESA. ? DESTAQUES DA SOFTCUT PESCA: ? DESIGN EXCLUSIVO COM FORMATO DE PEIXES ICÃNICOS ? MICROTEXTURA SOFTCUT PARA MELHOR ADERÃNCIA DOS ALIMENTOS ? MATERIAL PURO, ATÃXICO E APROVADO PELA VIGILÃNCIA SANITÃRIA ? SUPERFÃCIE HIGIÃNICA QUE NÃO ABSORVE ODORES, RESÃDUOS OU LÃQUIDOS ? IDEAL PARA CORTES PRECISOS E APRESENTAÃÃO SOFISTICADA ? TRANSFORME SUA EXPERIÃNCIA NA PESCA E NO CHURRASCO COM A SOFTCUT PESCA!",TUCUNA.JPG
ISCA WILLY SHAD,ALBATROZ,ALBATROZ FISHING,ISCA DE CORPO RÃGIDO,"R$ 36,00","MODELO: FLOATING; PROFUNDIDADE: FUNDO; TAMANHO: 4CM; PESO: 2,5G",WILLY.JPG
ISCA REBEL JUMPIN MINNOW T20 ARARI - T20ARARI,AQUABRAZIL,REBEL,ISCA DE CORPO RÃGIDO,"R$ 108,50","ISCA ARTIFICIAL REBEL DE 11,5 CM, 23 GRAMAS, ANZOL NÃMERO 2, PARA PESCA DE TUCUNARÃS, DOURADOS, CACHORRA, ENTRE OUTROS PREDADORES. COR ARARI, DESENVOLVIDA PELA AQUABRAZIL E PRODUZIDA PELA REBEL (USA)",MINNOW.JPG
ISCA REBEL TWICH TEENY WAKE R - T91 COR 524,AQUABRAZIL,REBEL,ISCA DE CORPO RÃGIDO,"R$ 75,80","ISCA ARTIFICIAL REBEL DE 4 CM, 4,5 GRAMAS, ANZOL NÃMERO 12, PARA PESCA DE TILÃPIA, BLACK BASS, PIRAPUTANGA, MATRINXÃ, PACU, ENTRE OUTROS PREDADORES. COR 524 (BLACK / CHROME WING - PRETA / ASA PRATA), DESENVOLVIDA PELA AQUABRAZIL E PRODUZIDA PELA REBEL (USA)",TEENY.JPG
TEE BONE,GRUPO WAKOKU / FLÃRIDA MARINE,KEITECH,ISCA DE CORPO RÃGIDO,"R$ 150,00","TRABALHO EXCEPCIONAL! O TEE-BONE FOI IDEALIZADO PARA FAZER O TRABALHO ?BÃSICO? DE UM SPINNERBAIT, MAS EM ALTA PERFORMANCE. ESSA ISCA PROPORCIONA BONS ARREMESSOS, O FORMATO DA CABEÃA EM T AJUDA A PASSAR PELOS OBSTÃCULOS E A MANTER A POSTURA DURANTE O NADO E O ANZOL Ã REFORÃADO E EXTREMAMENTE AFIADO DA MARCA DECOY. JÃ A LÃMINA RESPONDE AO MAIS SÃTIL MOVIMENTO. O ?CONE HEAD WEED GUARD? AJUDA A PROTEGER AS COLHERES DE SUJEIRA.",TEE-BONE.JPG
PL 100 SPLASH,GRUPO WAKOKU / FLÃRIDA MARINE,BABYFACE,ISCA DE CORPO RÃGIDO,"R$ 148,00","MÃQUINA PARA FISGAR TUCUNARÃS! ESTE LANÃAMENTO DA BABYFACE NASCEU FISGANDO GRANDES AÃUS EM UMA DAS TEMPORADAS MAIS DIFÃCEIS DE PESCA ? QUE FOI ANO PASSADO. TRATA-SE DE UMA JUMPING BAIT DE 11 CM, 22G QUE VEM EQUIPADA COM GARATEIAS REFORÃADAS 4X NÃMERO 2. Ã UMA ARTIFICIAL FÃCIL DE TRABALHAR, FAZENDO MOVIMENTOS EM ZIGUEZAGUE, MERGULHANDO E ATÃ SALTANDO PARA FORA DA ÃGUA, COMO UMA PRESA EM FUGA. PARA AUMENTAR O PODER DE ATRAÃÃO, POSSUI A PARTE FRONTAL MAIS LARGA PARA CRIAR UM MAIS DISTÃRBIO NA SUPERFÃCIE, FAZENDO BARULHO OU JOGANDO A ÃGUA PARA OS LADOS. PARA FINALIZAR, VALE RESSALTAR QUE A ISCA Ã SILENT, SEM RATTLING, O QUE AJUDA A PRODUZIR UMA AÃÃO MAIS NATURAL, IDEAL PARA LOCAIS COM GRANDE PRESSÃO DE PESCA.",PL100.JPG
CHUBBLE 80,GRUPO WAKOKU / FLÃRIDA MARINE,JACKALL,ISCA DE CORPO RÃGIDO,"R$ 190,50","ESTA NOVIDADES Ã A VERSÃO MAIOR DO PLUG QUE Ã UM HÃBRIDO DE CRANKBAIT E JERKBAIT, POIS POSSUI O FORMATO ALONGADO E VOLUMOSO, COM BOA FLUTUAÃÃO, PROPORCIONANDO ALTA CAPACIDADE DE RESPOSTA, TANTO NO TRABALHO DE RECOLHIMENTO OU COM TOQUES ? TORNANDO-A EXTREMAMENTE VERSÃTIL. Ã EQUIPADA COM BARBELA DE CIRCUIT BOARD LIP ? MATERIAL FINO E EXTREMAMENTE RESISTENTE QUE AJUDA A CORTAR A ÃGUA E DAR AMPLITUDE NOS MOVIMENTOS -, SISTEMA DE TRANSFERÃNCIA DE PESO MAGNÃTICO E GARATEIAS COM TRATAMENTO ANTIADERENTE, POTENCIALIZANDO A CAPACIDADE DE FISGAR E PROTEGENDO DOS EFEITOS DA MARESIA. A CHUBBLE 80SR PODE SER TRABALHADA NA CHAMADINHA OU COM TOQUES CONTÃNUOS, EM QUE A ISCA FAZ MOVIMENTOS ERRÃTICOS E IRRESISTÃVEIS. ELA MEDE 8 CM, PESA 14.5G E Ã INDICADA PARA GRANDES ROBALOS, TUCUNARÃS, TABARANAS, DOURADOS, BICUDAS, BLACK BASS, ENTRE OUTROS PREDADORES.",CHUBBLE.JPG
SHINDY 110,GRUPO WAKOKU / FLÃRIDA MARINE,REVONIK,ISCA DE CORPO RÃGIDO,"R$ 340,00","TRÃS ISCAS EM UMA! QUANDO O LENDÃRIO DESIGNER DE ISCA SEIJI KATO CRIA UM NOVO PROJETO PODE TER A CERTEZA QUE VEM ALGO INOVADOR PELA FRENTE. O PESCADOR SEMPRE BUSCA NOVOS MATERIAIS - QUE TRAGAM VANTAGENS PARA O TRABALHO DA ISCA, E O DESENHO PERFEITO, POIS Ã A PARTIR DELA QUE SE ALCANÃA A MELHOR AÃÃO. NO CASO DA SHINDY, JERKBAIT DE CORPO ALTO E FLUTUAÃÃO LENTA, QUE PROPORCIONAR UMA AÃÃO ÃNICA, REFLETINDO BASTANTE A LUZ NO TRABALHO. PORÃM O GRANDE DIFERENCIAL Ã A POSSIBILIDADE DA TROCA DE BARBELAS, QUE A MENOR E MAIS ESTREITA VEM NADA NUMA FAIXA DE 30 CM. O TAMANHO ?PADRÃO? ALCANÃA CERCA DE 1M DE PROFUNDIDADE, ENQUANTO A MAIOR E MAIS LARGA, MERGULHA ATÃ 1,5M.",SHINDY.JPG
TYGAN 110,GRUPO WAKOKU / FLÃRIDA MARINE,FISH MAGNET,ISCA DE CORPO RÃGIDO,"R$ 380,00","ESTA Ã A PRIMEIRA ARTIFICIAL DA FISH MAGNET, MARCA DO FAMOSO PESCADOR JAPONÃS TAKUMA HATA. AO DESENVOLVER ESTE MODELO, UMA DAS PRINCIPAIS CARACTERÃSTICAS IDEALIZADAS FOI A CAPACIDADE PARA LONGOS ARREMESSOS, O QUE AJUDA A COBRIR UMA MAIOR ÃREA DE PESCA. PENSANDO NISSO, A ARTIFICIAL GANHOU UM DESENHO BASTANTE AERODINÃMICO, COM UM CORPO VOLUMOSO E ACHATADO LATERALMENTE ? CARACTERÃSTICA QUE AJUDA A CRIAR UM DISTÃRBIO MAIOR NA SUPERFÃCIE E A FAZER BARULHO TAMBÃM, ATRAINDO O PREDADOR DE LONGE. PARA AUMENTAR O PODER DE ATRAÃÃO DA ISCA DE 9 CM E 14G, ELA FOI DOTADA DE UM BOM RATTLING, ACABAMENTO PERFEITO E PINTURA IMPECÃVEL.",TYGAN.JPG
KICKNOCKER,GRUPO WAKOKU / FLÃRIDA MARINE,TECKLE,ISCA DE CORPO RÃGIDO,"R$ 250,00","ESTA ARTIFICIAL Ã UMA ZARA COM DESENVOLVIMENTO REFINADO. A PARTE FRONTAL DA ISCA POSSUI UMA A CÃMARA DE CHOCALHO COM PEQUENAS ESFERAS, QUE ALÃM DO BARULHO, AJUDAM NA AÃÃO ERRÃTICA DA ISCA. NA PARTE TRASEIRA, A KICKNOCKER Ã EQUIPADA COM UMA GRANDE ESFERA QUE CRIA UM RITMO CONSTANTE E A TORNA MAIS FÃCIL DE TRABALHAR, ALÃM DE AJUDAR NOS LANÃAMENTOS MAIS LONGOS. A ISCA AINDA RECEBEU ATENÃÃO EXCEPCIONAL AOS DETALHES, COM OS OLHOS 3D REALISTAS, PINTURAS COM ACABAMENTO PREMIUM, GARATEIAS EXTREMAMENTE AFIADAS. POR ESSAS CARACTERÃSTICAS, Ã UMA DAS ISCAS PREFERIDAS DOS PESCADORES MAIS TÃCNICOS DOS ESTADOS UNIDOS.",KICKNOCKER.JPG
LAKER,ISCAS LORI,LORI,ISCA DE CORPO RÃGIDO,"R$ 48,00","MEIA ÃGUA SINKING 55MM 6G INSPIRADA NAS ISCAS JAPONESAS E ASSINADA POR TIAGO PAPAN, A LAKER FOI DESENVOLVIDA PENSANDO NAS ESPÃCIES BRASILEIRAS. VERSÃTIL, PODE SER USADA COMO CRANKBAIT OU JERKBAIT, ALCANÃANDO DIVERSAS PROFUNDIDADES E GARANTINDO MAIS EFICIÃNCIA NA SUA PESCARIA.",LAKER.JPG
ENCRENCA SPIN,ISCAS YARA,YARA ISCAS ARTIFICIAIS,ISCA DE CORPO RÃGIDO,"R$ 69,90","ISCA DO TIPO SPIN (COM COLHER GIRATÃRIA), FABRICADA EM ABS DE ALTA RESISTÃNCIA, COM AÃÃO SINKING (AFUNDANTE) E EQUIPADA COM GARATÃIAS 6X. DESENVOLVIDA EM PARCERIA COM O GRANDE PESCADOR EDUARDO MONTEIRO, ESTÃ DISPONÃVEL EM DOIS TAMANHOS: 7CM / 17G E 9CM / 29G.",ENCRENCA.JPG
INVADER 110 MR,MARINE,MARINE,ISCA DE CORPO RÃGIDO,"R$ 55,00","TIPO: MINNOW, MEIA ÃGUA FLOATING E SUSPENDING PLÃSTICO ABS EFEITO SONORO: ESFERAS PROFUNDIDADE NADO: 0,8M A 2,0M 3 GARATÃIAS SANKEN 4X #6 BLACK NICKEL PESO: FLOATING 17G / SUSPENDING 17,5G 14 CORES ISCA DE MEIA ÃGUA DISPONÃVEL EM MODELO FLOATING E SUSPENDING, COM NADO ERRÃTICO. ÃTIMA OPÃÃO PARA A CAPTURA DE TUCUNARÃS, TRAÃRAS E TRAIRÃES.",INVADER.JPG
BELLY DANCER,MORO DECONTO/FUJI,DECONTO ISCAS ARTIFICIAIS,ISCA DE CORPO RÃGIDO,"R$ 79,90","A BELLY DANCER Ã UMA JERKBAIT COMPACTA COM TRABALHO MUITO ATRAENTE, IDEAL PARA PESCADORES INICIANTES E EXPERIENTES, CONSTRUÃDA COM MATERIAIS DE ALTA QUALIDADE E RESISTÃNCIA. Ã EQUIPADA COM SPLIT RINGS DE INOX FORJADO E GARATÃIAS HOGAN, ALÃM DE PINTURAS E ACABAMENTOS PREMIUM, COMO UV-TECH COM VERNIZ LOCALIZADO EM ALTO RELEVO E DUPLA CAMADA DE VERNIZ",BELLY.JPG
ISCA HB 230,SAHARA,SAHARA,ISCA DE CORPO RÃGIDO,"R$ 27,00","ISCA ARTIFICIAL MEIA AGUA, 12,8 CM, 30 GR, DISPONIVEL EM 5 CORES. EXCELENTE ISCA COM DESEMPENHO ESPETACULAR",HB230.JPG
SLIDE ACTOR,GRUPO WAKOKU / FLÃRIDA MARINE,SHOUT,ISCA PARA ÃGUA SALGADA,"R$ 140,00","LONGO, PESADO, MAS FÃCIL DE TRABALHAR! SHOUT SLIDE ACTOR Ã UM JUMPING JIG QUE POSSUI O CORPO ALONGADO E ACHATADO. UMA DAS PRINCIPAIS CARACTERÃSTICAS Ã O FORMATO ASSIMÃTRICO E FINO QUE PERMITEM QUE A ISCA AFUNDE RAPIDAMENTE, ATINGINDO GRANDES PROFUNDIDADES EM UM TEMPO MUITO CURTO. O MOMENTO EM QUE VOCÃ COMEÃAR A TRABALHAR, LEVANTANDO E ABAIXANDO A PONTA DA VARA, ESSE MOVIMENTO PERMITE A ISCA FAZER ZIGUEZAGUA ASCENDENTE COM MOVIMENTOS AMPLOS E BASTANTE ATRAENTES PARA PREDADORES COMO OLHETES E OLHOS-DE-BOI.",SLIDE.JPG
FEED POPPER 150,GRUPO WAKOKU / FLÃRIDA MARINE,TACKLE HOUSE,ISCA PARA ÃGUA SALGADA,"R$ 312,00","PENSA EM UM POPPER DIFERENCIADO! O FEED POPPER Ã UMA ISCA QUE PRODUZ UM BARULHO CARACTERÃSTICO. MESMO COM UM LEVE MOVIMENTO DA VARA, O DESIGN DA BOCA CRIA SONS DE ESTALO. MAS, O MAIS COMUM Ã O TRABALHO COM UMA PUXADA MAIS LONGA PARA A ISCA FAZER UM BARULHO BASTANTE ATRAENTE, MERGULHAR LOGO ABAIXO DA SUPERFÃCIE E DEIXAR UM RASTRO DE BOLHAS. ISSO ACONTECE POR CAUSA DO EQUILÃBRIO DA ARTIFICIAL QUE A QUASE EM PÃ QUANDO PARADA, DETALHE QUE AJUDA NA HORA DO TRABALHO DA ISCA, MESMO EM LOCAIS DE ÃGUA MAIS AGITADA, ALÃM DE CRIAR UMA SITUAÃÃO PERFEITA PARA OS ATAQUES DE SUCÃÃO DOS PEIXES-ALVO. MESMO COM UM CORPO COMPACTO, O PESCADOR CONSEGUE REALIZAR LONGOS ARREMESSOS DEVIDO Ã SUA ALTA DENSIDADE. ESSAS ARTIFICIAIS POSSUEM UM BONITO ACABAMENTO, SÃO REFORÃADAS E EQUIPADAS COM GARATEIAS EXTREMAMENTE AFIADAS DA MARCA OWNER. ESTA SÃRIE Ã COMPOSTA POR ARTIFICIAIS DE TAMANHOS: 150 (54G), 135 (45G), 120 (30G) E 100 (22G).",POPPER.JPG
JACK EYE MAKI MAKI FS 417,GRUPO WAKOKU / FLÃRIDA MARINE,HAYABUSA,ISCA PARA ÃGUA SALGADA,"R$ 120,00","MAIS VERSATILIDADE NA PESCARIA MARINHA! O DIFERENCIAL DESTE METAL JIG Ã A COLHER DE METAL ACOPLADA NA GARATÃIA QUE PRODUZ MUITA VIBRAÃÃO E BRILHO, SENDO ASSIM UM GRANDE ATRATIVO PARA OS PREDADORES TRATA-SE DE UMA ARTIFICIAL VERSÃTIL E PODE SER TRABALHADA DE DIVERSAS FORMAS, COMO APENAS ARREMESSANDO E RECOLHENDO OU, NA VERTICAL, DEIXANDO AFUNDAR AO LADO DA EMBARCAÃÃO. O JIG TEM UM ACABAMENTO IMPECÃVEL, CORES ATRAENTES E VEM EQUIPADA COM ASSIST E GARATEIA.",MAKI.JPG
BANETT 160F,GRUPO WAKOKU / FLÃRIDA MARINE,IMA,ISCA PARA ÃGUA SALGADA,"R$ 324,00","NOVIDADE DE SUPERFÃCIE! A BANETT Ã UMA ARTIFICIAL DE 16CM E 43G (SEM AS GARATEIAS) DO TIPO PENCIL QUE FAZ O MUITO BEM AQUELE TRABALHO DE MERGULHAR E FAZER O ZIGUE-ZAGUE LOGO ABAIXO DA SUPERFÃCIE. O FORMATO DESSE PLUG O TORNA EXCELENTE PARA ARREMESSOS LONGOS E PARA TRABALHAR. NA ÃGUA SALGADA Ã INDICADA PARA OLHETES, OLHOS DE BOI, ATUM E NA ÃGUA DOCE PARA OS FORTES TUCUNARÃS AÃUS.",BANETT.JPG
CIAN POPPER ROAR 200F,GRUPO WAKOKU / FLÃRIDA MARINE,JACKALL,ISCA PARA ÃGUA SALGADA,"R$ 522,00","JACKALL PARA ESPÃCIES MARINHAS! ESTE POPPER POSSUI UM DESENHO MUITO BONITO E MODERNO, FÃCIL DE SER TRABALHADO, RESPONDENDO BEM TANTO AOS TOQUES LONGOS, QUANTO OS MAIS CURTOS, PRODUZINDO UM BOM BARULHO E UM FORTE SPRAY. AO MERGULHAR, A ARTIFICIAL DEIXA UM RASTRO DE BOLHAS. O CORPO MAIS FINO E O FORMATO EM QUE A PARTE TRASEIRA Ã MAIS GROSSA, ESTABILIZAM A POSTURA DA ISCA DURANTE O LANÃAMENTO, AJUDANDO A ALCANÃAR LONGAS DISTÃNCIAS O PITÃO DIANTEIRO E O TRASEIRO SÃO FEITOS DE UMA PEÃA DE ARAME ÃNICA, AUMENTANDO GARANTINDO O TROFÃU MESMO EM CASO DE QUEBRA DO CORPO DA ARTIFICIAL.",CIAN.JPG
VENNON,MARINE,MARINE,ISCA PARA ÃGUA SALGADA,"R$ 55,00","90MM E 115MM SUPERFÃCIE, ZARA FLOATING PLÃSTICO ABS EFEITO SONORO: ESFERAS 2 GARATÃIAS SANKEN 4X #4 BLACK NICKEL / SANKEN 4X #1 BLACK NICKEL PESO: 90MM 15G / 115MM 25G 11 CORES ISCA DE SUPERFÃCIE COM ALTA FLUTUAÃÃO. GARATEIAS REFORÃADAS. IDEAL PARA A CAPTURA DE ANCHOVA, XARÃU, OLHETE, DOURADO DO MAR, ROBALO FLECHA ENTRE OUTROS.",VENNON.JPG
POPAI ULTIMATE SERIES,MORO DECONTO/FUJI,DECONTO ISCAS ARTIFICIAIS,ISCA PARA ÃGUA SALGADA,"R$ 113,80","UMA ISCA POPPER, ROBUSTA, COM TRABALHO ATRAENTE, Ã A ARMA SECRETA PARA SUAS PESCARIAS EM BUSCA DE GIGANTES! POSSUI CORPO ROBUSTO E BEM ESTRUTURADO EM PLÃSTICO ABS, PITÃES COM ARAME INTEIRIÃO INTERLIGADO, GARATÃIAS EXTREME 6X 1/0 HOGAN DE EXTREMA RESISTÃNCIA COM TRATAMENTO ANTICORROSIVO PARA ÃGUA SALGADA. DISPONÃVEL EM 2 TAMANHOS, 9 E 11CM.",POPAI.JPG
ISCA CHARUTINHO,ALLIGATOR,ALLIGATOR,ISCA SOFT,"R$ 2,40","ISCA DESENVOLVIDA PARA ATENDER UMA DEMANDA NA PESCA DE TRAÃRAS E OUTROS PREDADORES, DEVIDO AO SEU NADO EM ZARA TANTO NA SUPERFÃCIE QUANTO MEIA AGUA QUANTO FUNDO , PROPORCIONANDO UM IMENSO RESULTADO NAS PESCARIAS. TAMANHO 5,8 CM 9 GRAMAS E MAIS DE 100 COMBINAÃÃES DE CORES DISPONÃVEIS.",CHARUTINHO.JPG
ISCA SOFT DROP MINNOW GREAT LAKES FINESSE,AQUABRAZIL,GREAT LAKES FINESSE,ISCA SOFT,"R$ 88,90","ISCA SOFT DE ACABAMENTO FOSCO EM SEU MATERIAL BASE. QUANDO NA ÃGUA, POSSUI FLUTUABILIDADE NEUTRA EM FUNÃÃO DE SEU MATERIAL, QUE TAMBÃM Ã MUITO RESISTENTE Ã RASGOS. IDEAL PARA O BLACK BASS E TRAÃRAS, E AS TÃCNICAS DE DROP SHOT, UNDERSPIN TRAILER, MOPING, SPINE RIG E NED. TAMANHO DE 7 CM E PACOTE COM 08 UNIDADES",FINESSE.JPG
RV BUG,GRUPO WAKOKU / FLÃRIDA MARINE,JACKALL,ISCA SOFT,"R$ 135,00","A JACKALL RESOLVEU INOVAR E DIFERENTE DAS OUTRAS SOFTS QUE IMITAM INSETOS E FLUTUAM, A RV-BUG Ã SINKING. COM MATERIAL MAIS DENSO E AS ?PERNAS? CAUSAM VIBRAÃÃO ENQUANTO ESTÃ AFUNDANDO LENTAMENTE OU QUANDO DAMOS TOQUES. A ISCA MEDE 3?? (7,62CM) E O ANZOL INDICADO Ã O OFF SET 3/0.",RV-BUG.JPG
SHINJI X9,GRUPO WAKOKU / FLÃRIDA MARINE,XBRAID,LINHA,"R$ 950,00","REVOLUCIONÃRIO, EXTREMAMENTE FORTE E CHEIA DE TECNOLOGIA. ESSAS PALAVRAS SÃO PERFEITAS PARA DEFINIR A SHINJI9, QUE Ã A PRIMEIRA LINHA DA MARCA QUE EMPREGA O NOVO PROCESSAMENTO DE CHAMADO DE RC PARA LINHAS DE 9 FIOS MAIS A ESTRUTURA W, A MESMA UTILIZADA NA ODDSPORT WXP1. O RESULTADO Ã UMA LINHA COM UMA SUPERFÃCIE MAIS UNIFORME, UTILIZANDO UM FIO CENTRAL DE PE DE ALTA RESISTÃNCIA, EVITANDO A DEFORMAÃÃO MESMO SOB SOB CARGA ELEVADA ? DETALHE QUE TAMBÃM PODERIA LEVAR A UMA PERDA DE RESISTÃNCIA. A LINHA TAMBÃM PROPORCIONA MAIOR SENSIBILIDADE JUNTO COM UMA ALTA RESISTÃNCIA AO DESGASTE E MENOR ABSORÃÃO DE ÃGUA. A LINHA POSSUI SISTEMA DE MARCAÃÃO DE 1 M.",SHINJI.JPG
LINHA MULTIFILAMENTO FUSION 8X 100M,HP MOTONÃUTICA,"HP PESCA, MOTO, NÃUTICA",LINHA,"R$ 39,90","A LINHA X8 FUSION DA HP Ã UMA LINHA DE PESCA MULTIFILAMENTO PROJETADA PARA PROPORCIONAR UMA EXPERIÃNCIA DE PESCA EXCEPCIONAL. COMBINANDO TECNOLOGIA AVANÃADA E MATERIAIS DE ALTA QUALIDADE, ESSA LINHA OFERECE UM DESEMPENHO SUPERIOR E UMA RESISTÃNCIA IMPRESSIONANTE. A CARACTERÃSTICA MULTIFILAMENTO DA LINHA X8 FUSION SIGNIFICA QUE ELA Ã COMPOSTA POR VÃRIAS FIBRAS ENTRELAÃADAS, O QUE PROPORCIONA UMA MAIOR SUAVIDADE E SENSIBILIDADE DURANTE O ARREMESSO E A RECOLHA. ISSO PERMITE QUE VOCÃ SINTA ATÃ MESMO AS MORDIDAS MAIS SUTIS, MELHORANDO SUAS CHANCES DE CAPTURAR PEIXES. O TRATAMENTO EM ULTRASSOM Ã UM PROCESSO ESPECIAL PELO QUAL A LINHA PASSA, RESULTANDO EM UMA TEXTURA SUAVE E UNIFORME. ESSE TRATAMENTO NÃO APENAS MELHORA A CAPACIDADE DE LANÃAMENTO, REDUZINDO O ATRITO COM OS PASSADORES DA VARA, MAS TAMBÃM AUMENTA SIGNIFICATIVAMENTE A RESISTÃNCIA Ã ABRASÃO. ASSIM, VOCÃ PODE PESCAR EM AMBIENTES DESAFIADORES, COMO ÃREAS ROCHOSAS OU COM VEGETAÃÃO DENSA, SEM SE PREOCUPAR COM DANOS Ã LINHA. ALÃM DISSO, A LINHA X8 FUSION POSSUI UMA RESISTÃNCIA IMPRESSIONANTE, PERMITINDO QUE VOCÃ LIDE COM PEIXES MAIORES E AUMENTANDO SUA CONFIANÃA DURANTE AS BATALHAS. SUA CONSTRUÃÃO DE ALTA QUALIDADE GARANTE QUE A LINHA SEJA DURÃVEL E RESISTENTE Ã TRAÃÃO, PROPORCIONANDO UMA MAIOR TRANQUILIDADE AO ENFRENTAR SITUAÃÃES DE PESCA EXIGENTES. EM RESUMO, A LINHA X8 FUSION DA HP Ã UMA ESCOLHA EXCELENTE PARA PESCADORES QUE PROCURAM UMA LINHA DE PESCA MULTIFILAMENTO DE ALTO DESEMPENHO. COM SEU TRATAMENTO EM ULTRASSOM, ELA OFERECE SUAVIDADE, RESISTÃNCIA Ã ABRASÃO E MAIOR SENSIBILIDADE. SUA CONSTRUÃÃO DE QUALIDADE E RESISTÃNCIA IMPRESSIONANTE TORNAM-NA UMA OPÃÃO CONFIÃVEL PARA ENFRENTAR DIVERSOS DESAFIOS AO PESCAR.",8X100M.JPG
LINHA MULTIFILAMENTO TOURNAMENT X4,ISCAS YARA,YARA ISCAS ARTIFICIAIS,LINHA,"R$ 49,90","A TOURNAMENT PE X4 Ã UMA LINHA DE MULTIFILAMENTO 4 FIOS, CONFECCIONADA EM 100% POLIETILENO, COM ALTO GRAU DE RESISTÃNCIA Ã TENSÃO E PRINCIPALMENTE Ã ABRASÃO, ALÃM DE DURABILIDADE ELEVADA. NÃO POSSUI MEMÃRIA E SUA ELASTICIDADE Ã PRÃXIMA DO ZERO, O QUE TORNA AS FISGADAS MAIS EFICIENTES. Ã INDICADA PARA LOCAIS DE MUITA ESTRUTURA SUBMERSA. COR CINZA.",X4.JPG
HAMMER BRAIDED FISHING LINE 4 FIOS,KASTKING,KASTKING,LINHA,R$,"UM PADRÃO MAIS ALTO EM TRANÃADOS DE 4 CARRIER ? A LINHA DE PESCA TRANÃADA HAMMER BRAID UTILIZA UMA FIBRA UHMWPE DE MICROFILAMENTO EM UM PADRÃO EXCLUSIVO DIAMOND BRAID QUE MAXIMIZA A RESISTÃNCIA GERAL DAS LINHAS ENQUANTO DIMINUI O DIÃMETRO EM RELAÃÃO AOS TRANÃADOS DE 4 CARREGADORES PADRÃO. EM MÃDIA, A HAMMER BRAID Ã 10% MAIS FORTE DO QUE OS TRANÃADOS DE 4 CARREGADORES PADRÃO NO MESMO TESTE DE LIBRA. PROCESSO DE PRÃ-TRATAMENTO DE COLORFAST ? A HAMMER BRAID Ã COLORIDA USANDO UM PROCESSO DE REVESTIMENTO PATENTEADO (EPC) PROJETADO PARA PRÃ-TRATAR A FIBRA, GARANTINDO UMA LINHA TRANÃADA DE COR FIRME COM PRATICAMENTE NENHUM DESBOTAMENTO E PERDA DE COR. O PROCESSO DE PRÃ-TRATAMENTO TAMBÃM FORNECE MAIOR RESISTÃNCIA AO NÃ DO QUE OS TRANÃADOS DE 4 CARREGADORES PADRÃO. DIÃMETRO DE SUPERFÃCIE MAIS SUAVE ? A HAMMER BRAID Ã FABRICADA EM UMA CONFIGURAÃÃO DE TRANÃA MAIS APERTADA QUE FORNECE UMA SUPERFÃCIE MAIS LISA DO QUE OS TRANÃADOS DE 4 CARREGADORES PADRÃO. A SUPERFÃCIE MAIS LISA PERMITE LANÃAMENTOS MAIS LONGOS E RECUPERAÃÃES MAIS SILENCIOSAS AO PASSAR SEM ESFORÃO PELAS GUIAS DA VARA. INCRÃVEL RESISTÃNCIA Ã ABRASÃO ? O PROCESSO DE PRÃ-TRATAMENTO DA HAMMER BRAID OFERECE INCRÃVEL RESISTÃNCIA Ã ABRASÃO E MAIOR VIDA ÃTIL. A CONSTRUÃÃO TRANÃADA ""HAMMER TOUGH"" CORTA A VEGETAÃÃO SEM ESFORÃO, DIMINUINDO SUA CHANCE DE PERDER AQUELE PEIXE DA SUA VIDA. QUASE ZERO ESTICAMENTO ? COM UM FATOR DE ALONGAMENTO DE MENOS DE 4% EM SEU PONTO DE RUPTURA, A HAMMER BRAID OFERECE CONJUNTOS DE ANZÃIS PODEROSOS E PERMITE QUE VOCÃ SINTA ATÃ MESMO A MENOR MORDIDA.",HAMMER.JPG
MOLINETE DEVOTION,ALBATROZ,MARCA FORSEVEN (GRUPO ALBATROZ FISHING),MOLINETE,"R$ 360,00","4+1 ROLAMENTOS (800, 3000 E 5000); 4.7:1 RECOLHIMENTO (800); 6.0:1 RECOLHIMENTO (300 E 5000); 5KG DE DRAG (800) | 6KG (3000) | 8KG (5000); 234G DE PESO (800) | 263G (3000) | 315G (5000); CARRETEL EM ALUMÃNIO; KNOB EMBORRACHADO; SISTEMA ANTI-REVERSO INFINITO.",DEVOTION.JPG
MOLIENETE MEGAJAWS ELITE,KASTKING,KASTKING,MOLINETE,R$,MOLIENETE MEGAJAWS ELITE PROJETADO PARA VENCER KASTKING MEGAJAWS ELITE PRO TOUR LEVEL SPINNING REELS SÃO CONSTRUÃDOS DE ACORDO COM PADRÃES RIGOROSOS. SUA ENGRENAGEM PRINCIPAL DE ALUMÃNIO AEROESPACIAL ENDURECIDO 2014 DIGI-CUT COM UMA DUREZA ROCKWELL DE 82 Ã 15% MAIS FORTE DO QUE QUALQUER ENGRENAGEM DE LIGA DE ZINCO E USINADA PARA TOLERÃNCIAS DE NÃVEL DE MICRÃMETRO (?M). SEU CORPO DE ALUMÃNIO AEROESPACIAL UNI-FRAME SEM COSTURA E ROTOR DE CARBONO FORNECEM O MELHOR CARRETEL DE FIAÃÃO LEVE PARA PESCADORES PROFISSIONAIS E RECREATIVOS EXIGENTES.,MEGAJAWS.JPG
HORIZON,MARINE,EUROSEA,MOLINETE,"R$ 549,90","CORPO, TAMPA LATERAL, CARRETEL, MANIVELA E ARCO EM ALUMÃNIO. ROTOR EM GRAFITE PINHÃO EM LATÃO APOIADO POR ROLAMENTO COROA EM ATIMÃNIO EIXO EM AÃO INOXIDÃVEL ROLAMENTOS: 6+1 VELOCIDADE RECOLHIMENTO: 4.6:1 SISTEMA DE OSCILAÃÃO LENTA DRAG 18KG IPT: 110CM CAPACIDADE DE LINHA: 0.28 - 400 / 0.31 - 325 CARRETEL CÃNICO: 0.23 - 440 / 0.28 - 300 PESO: 586G",HORIZON.JPG
TROVAO,SAHARA,SAHARA,MOLINETE,"R$ 150,00","MOLINETE TROVAO, EM ALUMINIO, DIVERSOS TAMANHOS, 5+1 ROLAMENTOS , SISTEMA BALANCEADO, MANOPLA EM EVA.. OTIMO CUSTO BENEFICIO",TROVAO.JPG
MOTOR ELETRICO MINN KOTA INSTINCT RIPTIDE QUEST,AQUABRAZIL,MINN KOTA,MOTORES (QUALQUER TIPO DE PROPULSÃO),"R$ 57.645,00","MOTOR ELÃTRICO MINN KOTA INSTINCT RIPTIDE QUEST, 90/115LBS (24-36V), HASTE DE 87"" (220 CM), CONTROLE WIRELESS REMOTE, BLUETOOTH, ONE-BOAT-NETWORK. PERMITE COLOCAR E RETIRAR DA ÃGUA AUTOMATICAMENTE (CLIQUE BOTÃO). COM SISTEMA SPOT-LOCK (ÃNCORA). PODE SER CONECTADO PARA INTERAGIR COM SONARES HUMMINBIRD",RIPTIDE.JPG
MOTOR ELETRICO MINN KOTA ULTREX QUEST,AQUABRAZIL,MINN KOTA,MOTORES (QUALQUER TIPO DE PROPULSÃO),"R$ 45.753,00","MOTOR ELÃTRICO MINN KOTA ULTREX QUEST, 90/115LBS (24-36V), HASTE DE 60"" (152 CM), CONTROLE MICRO REMOTE/PEDAL, TRANSDUCER MSI (MEGA SIDE IMAGING), BLUETOOTH, ONE-BOAT-NETWORK. PERMITE CONTROLE REMOTAMENTE OU POR PEDAL. COM SISTEMA SPOT-LOCK (ÃNCORA). PODE SER CONECTADO PARA INTERAGIR COM SONARES HUMMINBIRD",KOTA.JPG
MOTORES 30HP E 40HP TURBO JET,HIDEA,HIDEA MOTORES,MOTORES (QUALQUER TIPO DE PROPULSÃO),"R$ 27.568,00",MODELOS HDJ30FHS E HDJ40FHS POTÃNCIA MÃXIMA GERADA (KW) 30HP - 22.1 | 40HP ? 29.4 ROTAÃÃO ALCANÃADA EM ACELERAÃÃO PLENA (RPM) 4500-5500 TIPO DE MOTOR 2 TEMPOS NÃMERO DE CILINDROS 2 CURSO (CILINDRADA) (CC) 30HP - 496 | 40HP - 703 DIÃMETRO X CURSO (MM) 30HP - 72 X 61 | 40HP ? 80X70 COMPRIMENTO X LARGURA X ALTURA (MM) 30HP - 843 X 399 X 1146 | 40HP - S: 1073X402X1218 | L: 1073X402X1345 PESO (KG) 30HP ? 54KG | 40HP ? 76KG RELAÃÃO DE MARCHA 30HP - 24:13 (2.33) | 40HP - 26:13 (2.00) POSIÃÃO DE MUDANÃA DE MARCHAS F-N-R SISTEMA DE IGNIÃÃO CDI SISTEMA DE ARREFECIMENTO REFRIGERAÃÃO Ã ÃGUA SISTEMA DE PARTIDA MANUAL E ELÃTRICA,40HP.JPG
400R,MERCURY,MERCURY MARINE,MOTORES (QUALQUER TIPO DE PROPULSÃO),"R$ 304.763,00","5.7L V10 NATURALMENTE ASPIRADO 400R MERCURY. O MOTOR MAIS DESEJADO DA PESCA ESPORTIVA TEM DESEMPENHO E POTÃNCIA, COM DESIGN COM CORPO DE ACELERADOR DE 92 MM E ADMISSÃO AJUSTADA PARA MAXIMIZAR O FLUXO DE AR. PROJETADO PARA PRODUZIR RESPOSTA INSTANTÃNEA DO ACELERADOR, ENQUANTO UM SENSOR DE PRESSÃO DE COMBUSTÃVEL MERCURY RACING FORNECE ABASTECIMENTO PRECISO SOB ACELERAÃÃO PARA MELHORAR AINDA MAIS A RESPOSTA DO ACELERADOR.",400R.JPG
50 HP QUATRO TEMPOS COM MANCHE,MERCURY,MERCURY MARINE,MOTORES (QUALQUER TIPO DE PROPULSÃO),"R$ 45.502,00","MERCURY FOURSTROKE 50HP: SUA NAVEGAÃÃO VAI FICAR AINDA MAIS COMPLETA. COM O MELHOR CUSTO-BENEFÃCIO DA CATEGORIA, ELE POSSUI DESIGN INOVADOR E ACESSOS DE CONTROLE BEM POSICIONADOS. SEUS PRINCIPAIS DIFERENCIAIS SÃO O MANCHE MID TILLER E POWER TRIM, ALÃM DE PARTIDA ELÃTRICA E CONTROLE DE CORRICO, BLOCO COM 4 CILINDROS (995 CC) E RABETA DE 20 POLEGADAS COM RELAÃÃO DE 1,83.",MANCHE.JPG
9.9 HP QUATRO TEMPOS,MERCURY,MERCURY MARINE,MOTORES (QUALQUER TIPO DE PROPULSÃO),"R$ 17.053,00","ÃNICO DA CATEGORIA COM INJEÃÃO ELETRÃNICA SEM BATERIA, O MERCURY FOURSTROKE 9.9 HP FOI FEITO PARA DESBLOQUEAR O INACESSÃVEL. ELE FACILITA SEU TRABALHO E TRANSFORMA A EXPERIÃNCIA NAS ÃGUAS COM 5 POSIÃÃES MANUAIS DE TRIM, MANCHE AMBIDESTRO E TANQUE DE 12L. A COMPANHIA IDEAL PARA BARCOS DE APOIO E CAIAQUES.",99HP.JPG
350HP,YAMAHA,YAMAHA,MOTORES (QUALQUER TIPO DE PROPULSÃO),"R$ 227.360,00",,350HP.JPG
CAIXA PLANO RANGE BAG X2 MEDIUM - 1712500V,AQUABRAZIL,PLANO,TIRO ESPORTIVO,"R$ 778,00","CAIXA PLANO PARA TIRO ESPORTIVO COM BOLSA FRONTAL PARA CASE PISTOLA 140300, TAMPA COM ALÃA PARA TRANSPORTE E BASE RÃGIDA. BOLSO LATERAL PARA CASE DE MUNIÃÃO E TRASEIRO EM MALHA",RANGE.JPG
CARABINA FXR P35X EVOLUTION,FXR,ARTEMIS,TIRO ESPORTIVO,"R$ 7.500,00","ESPECIFICAÃÃES GERAIS TIPO: CARABINA PCP CALIBRE: 5.5MM VELOCIDADE: 1000 FPS (305 M/S) * ENERGIA: 46 JOULES * AUTONOMIA: 100 DISPAROS * PESO: 2,9 KG COMPRIMENTO TOTAL: 76,5 CM COMPRIMENTO DO CANO: 53 CM PRESSÃO MÃXIMA: 25 MPA (250 BAR) POSSUI POWER PLENUM 65CC CARACTERÃSTICAS E ACESSÃRIOS ACIONAMENTO: SIDE LEVER AMBIDESTRO CILINDRO: 280CC CORONHA: BULLPUP GATILHO: AJUSTÃVEL CAPACIDADE DO MAGAZINE: 9 TIROS SUPRESSOR: INCLUSO TRAVA DE SEGURANÃA: MANUAL TRILHO: PICATINNY VÃLVULA REGULADORA: SIM AIR STRIPPER: SIM ACESSÃRIOS INCLUSOS: MAGAZINE, BICO DE ENCHIMENTO, O-RINGS EXTRAS, CHAVES ALLEN * OS VALORES DE VELOCIDADE, ENERGIA E AUTONOMIA PODEM VARIAR CONFORME AS CONDIÃÃES DE TIRO.",CARABINA.JPG
"CARABINA DE PRESSÃO PCP ROSSI BULLPUP R35 CAL. 5,5MM",ROSSI,ROSSI,TIRO ESPORTIVO,"R$ 5.900,00","A BULLPUP ROSSI R35, UM FORMATO COMPACTO, LEVE, MODERNO, COM TECNOLOGIA QUE PROPORCIONA UM CUSTO BENEFÃCIO SEM COMPARAÃÃO NO MERCADO BRASILEIRO. CORONHA EM MADEIRA NATURAL RESSALTA A SOFISTICAÃÃO. SISTEMA DE ENGATILHAMENTO SIDE LEVER. TRILHO PICATINNY INTEGRADO. VELOCIDADE 270M/S (880FPS) RESERVATÃRIO DE AR COM 250CC 2 SISTEMAS DE MUNICIAMENTO.",BULLPUP.JPG
VARA SNOOK LIFE,ALBATROZ,ALBATROZ FISHING,VARA PARA CARRETILHA,"R$ 395,42",VARA EM CARBONO IM10 DE ALTA DURABILIDADE; MODELO PARA CARRETILHA COM REEL SEAT MODELO SKELETON; CORPO E PASSADORES LEVES E RESISTENTES; CABO REVESITDO EM EVA; PONTEIRA ANTIENROSCO; ACABAMENTO EM PRETO BRILHANTE; TAMANHOS: C631 | C631; INTEIRIÃA; PASSADORES: 10+1 AÃÃO: RÃPIDA LURE: 5-20G LIBRAS: 8-14LBS E 8-17LBS PESO: 89G E 91G,SNOOK-LIFE.JPG
VARA CARRETILHA ST. CROIX BLACK BASS,AQUABRAZIL,ST. CROIX RODS,VARA PARA CARRETILHA,"R$ 1.740,00","6?8? (PÃS), MEDIUM (POWER), X-FAST (ACTION), 6-20LBS, CASTING 1/4-5/8 OZ., 1 PARTE, BLANK CARBONO SC III (COR TUNGSTEN GREY), PASSADORES EM ÃXIDO DE ALUMÃNIO. TECNOLOGIAS ST. CROIX IPC, FRS E HANDCRAFTED (FEITO A MÃO NOS USA)",CROIX-BLACK.JPG
VARA CARRETILHA ST. CROIX LEGEND ELITE 75TH ANNIVERSARY,AQUABRAZIL,ST. CROIX RODS,VARA PARA CARRETILHA,"R$ 5.180,00","7' (PÃS), MEDIUM (POWER), FAST (ACTION), 10-17LBS, CASTING 1/4-5/8 OZ., 1 PARTE, BLANK CARBONO SC V (COR FOREST GREEN PEARL), PASSADORES DE TITANIUM / SILICON NITRIDE. TECNOLOGIAS ST. CROIX IPC, ART, TET, FRS E HANDCRAFTED (FEITO A MÃO NOS USA)",CROIX-LEGEND.JPG
REVOLTAGE RV II-S68MH+ 14LB,GRUPO WAKOKU / FLÃRIDA MARINE,JACKALL,VARA PARA CARRETILHA,"R$ 5.532,00","A VARA QUE VAI POTENCIALIZAR O SEU ESTILO DE PESCA! CADA MODELOS DESSA NOVA SÃRIE POSSUI UMA CARACTERÃSTICA ÃNICA PARA PROPORCIONAR O MÃXIMO DESEMPENHO NO TRABALHO DE CADA TIPO DE ISCA ARTIFICIAL. PARA ISSO, A REVOLTAGE USOU UM DESIGN SIMPLES E SÃBRIO, MAS COM MATERIAIS MODERNOS E COMPONENTES SOFISTICADOS. O BLANK, QUE Ã ALMA DA VARA, FOI DESENVOLVIDO COM TECNOLOGIA DE PONTA E CADA PARTE DO EQUIPAMENTO RECEBEU UM MATERIAL ESPECÃFICO, DE ACORDO COM CADA ESPECIFICAÃÃO. ISSO, ALÃM DE REDUZIR O PESO, MELHORA A SENSIBILIDADE, POTENCIALIZA A RESISTÃNCIA E CRIA A AÃÃO PERFEITA PARA ATENDER AS NECESSIDADES DE CADA MODALIDADE DE PESCA. OS BLANKS USAM O MAIS MODERNO CARBONO DA TORAY EM CONJUNTO COM A NANOALLOY, UMA RESINA DE APLICAÃÃES AEROESPACIAIS. ALÃM DO BLANK, UM DOS DESTAQUES Ã O CARBON END GRIP QUE AJUDAM A AUMENTAR A SENSIBILIDADE. OS PASSADORES SÃRIE K COM ANEL SIC SÃO DA FUJI E O CABO Ã DE CORTIÃA PREMIUM 4A",REVOLTAGE.JPG
DAYÂ´S 360 SÃRIE BRASIL 510M - 16LB,GRUPO WAKOKU / FLÃRIDA MARINE,MAJOR CRAFT,VARA PARA CARRETILHA,"R$ 3.702,00","ALTA PERFORMANCE A SERVIÃO DO PESCADOR! JÃ Ã POSSÃVEL SENTIR A ALTA PERFORMANCE DA DAY?S 360 EM MODELOS DE 5?10? PARA LINHAS DE ATÃ 16 LB E 6 PÃS DE 20LB OU 25LB. OS NOVOS MODELOS UTILIZAM COMPONENTES SOFISTICADOS, ALIADOS A TECNOLOGIA DE PONTA, COMO O SUPER BLANK FEITO COM O CARBONO TORAY T1100G QUE EMPREGA NANO TECNOLOGIA PARA CONTROLAR A ESTRUTURA DA FIBRA, PROPORCIONANDO ALTA RESISTÃNCIA. ESSE MATERIAL PASSA PELO PROCESSO R360 STRUCTURE QUE POSICIONA AS MANTAS DE CARBONO EM DIREÃÃES DIFERENTES: VERTICAL, HORIZONTAL E DIAGONAL CRUZADA (DIREITA E ESQUERDA). ISSO RESULTA EM UM BLANK EXTREMAMENTE LEVE E POTENTE. O CABO Ã FEITO DE EVA DE ALTA DENSIDADE. O REEL SEAT Ã O ECS E PASSADORES SIC TITÃNIO - AMBOS DA FUJI. AGORA, SOME TUDO E VOCÃ TERÃ UMA DAS MELHORES VARAS DO MERCADO MUNDIAL, AGORA NO BRASIL, MUITO FORTE, LEVE E QUE PROPORCIONA EXTREMA SENSIBILIDADE.",510M.JPG
REVOLTAGE C64ML-ST 12LB,GRUPO WAKOKU / FLÃRIDA MARINE,JACKALL,VARA PARA CARRETILHA,"R$ 5.532,00","A VARA QUE VAI POTENCIALIZAR O SEU ESTILO DE PESCA! CADA MODELOS DESSA NOVA SÃRIE POSSUI UMA CARACTERÃSTICA ÃNICA PARA PROPORCIONAR O MÃXIMO DESEMPENHO NO TRABALHO DE CADA TIPO DE ISCA ARTIFICIAL. PARA ISSO, A REVOLTAGE USOU UM DESIGN SIMPLES E SÃBRIO, MAS COM MATERIAIS MODERNOS E COMPONENTES SOFISTICADOS. O BLANK, QUE Ã ALMA DA VARA, FOI DESENVOLVIDO COM TECNOLOGIA DE PONTA E CADA PARTE DO EQUIPAMENTO RECEBEU UM MATERIAL ESPECÃFICO, DE ACORDO COM CADA ESPECIFICAÃÃO. ISSO, ALÃM DE REDUZIR O PESO, MELHORA A SENSIBILIDADE, POTENCIALIZA A RESISTÃNCIA E CRIA A AÃÃO PERFEITA PARA ATENDER AS NECESSIDADES DE CADA MODALIDADE DE PESCA. OS BLANKS USAM O MAIS MODERNO CARBONO DA TORAY EM CONJUNTO COM A NANOALLOY, UMA RESINA DE APLICAÃÃES AEROESPACIAIS. ALÃM DO BLANK, UM DOS DESTAQUES Ã O CARBON END GRIP QUE AJUDAM A AUMENTAR A SENSIBILIDADE. OS PASSADORES SÃRIE K COM ANEL SIC SÃO DA FUJI E O CABO Ã DE CORTIÃA PREMIUM 4A.",C64ML.JPG
ASSEGAI CASTING,KASTKING,KASTKING,VARA PARA CARRETILHA,R$,"VARA PARA CARRETILHA (17 LIBRAS , 6,4 PÃS ) ELITE CARBON BLANKS E TECNOLOGIA NANO RESINA - NOSSOS NOVOS BLANKS ELITE CARBON PATENTEADOS OFERECEM O MÃXIMO EM POTÃNCIA, RESISTÃNCIA E SENSIBILIDADE COM UM BLANK DE GRAFITE SUPER ALTO",ASSEGAI.JPG
LEGACY,MARINE,MARINE,VARA PARA CARRETILHA,"R$ 819,00",BLANK: CARBONO TUBULAR 40TON (MT4000) CABO BIPARTIDO EM EVA + CARBONO REEL SEAT: CARBONO (FUJI TCH) PASSADORES: FUJI ALCONITE MODELO KW PONTEIRA: FUJI ALCONITE MODELO MN LGC-C581MLF LGC-C581MF LGC-C581MHF LGC-C601MLF LGC-C601MF LGC-C601MHF LGC-C661MHF LGC-C702HF,LEGACY.JPG
VARA CALIFÃRNIA,STRIKER,STRIKER SPORTFISHING,VARA PARA CARRETILHA,"R$ 310,22","VARA DE PESCA - COMPOSIÃÃO: CARBONO IM12 601- CARRETILHA, 6?0? - 1 PARTE - ARREMESSO 10 A 20 G, LINHA 10 - 17LB , POTÃNCIA MEDIA/PESADA, AÃÃO RÃPIDA, PASSADORES DE OXIDO DE ALUMÃNIO , PESO 105 G COM O INOVADOR E TECNOLÃGICO CARBONO IM12 EM SUA COMPOSIÃÃO, A VARA CALIFORNIA APRESENTA MAIOR FLEXIBILIDADE, RESISTÃNCIA E LEVEZA , PROPORCIONANDO AO PESCADOR A MAIS ALTA PERFORMANCE NA PESCA ESPORTIVA?.",CALIFORNIA.JPG
VARA MOLINETE ST. CROIX MOJO BASS TRIGON,AQUABRAZIL,ST. CROIX RODS,VARA PARA MOLINETE,"R$ 1.662,00","6?10? (PÃS), MEDIUM LIGHT (POWER), X-FAST (ACTION), 6-20LBS, CASTING 1/16-3/8 OZ., 1 PARTE, BLANK CARBONO SC III (COR TEQUILA SUNRISE), PASSADORES EM ÃXIDO DE ALUMÃNIO/AÃO INOX. TECNOLOGIAS ST. CROIX IPC, FRS, TRIGON DESIGN E HANDCRAFTED (FEITO A MÃO NOS USA)",CROIX-MOJO.JPG
VARA MOLINETE ST. CROIX BLACK BASS,AQUABRAZIL,ST. CROIX RODS,VARA PARA MOLINETE,"R$ 1.740,00","6?8? (PÃS), MEDIUM (POWER), X-FAST (ACTION), 6-20LBS, CASTING 1/4-5/8 OZ., 1 PARTE, BLANK CARBONO SC III (COR TUNGSTEN GREY), PASSADORES EM ÃXIDO DE ALUMÃNIO. TECNOLOGIAS ST. CROIX IPC, FRS E HANDCRAFTED (FEITO A MÃO NOS USA)",ST-CROIX.JPG
DAYÂ´S 360 610L,GRUPO WAKOKU / FLÃRIDA MARINE,MAJOR CRAFT,VARA PARA MOLINETE,"R$ 4.032,00","SENSIBILIDADE EXTREMA! UM DOS DIFERENCIAIS DESTE MODELO Ã A ALTA SENSIBILIDADE TRANSMITIDA NAS PESCARIAS DE FUNDO. ISSO Ã RESULTADO DO USO DE COMPONENTES SOFISTICADOS, ALIADOS A TECNOLOGIA DE PONTA, COMO O SUPER BLANK FEITO COM O CARBONO TORAY T1100G QUE EMPREGA NANO TECNOLOGIA PARA CONTROLAR A ESTRUTURA DA FIBRA, PROPORCIONANDO ALTA RESISTÃNCIA. ESSE MATERIAL PASSA PELO PROCESSO R360 STRUCTURE QUE POSICIONA AS MANTAS DE CARBONO EM DIREÃÃES DIFERENTES: VERTICAL, HORIZONTAL E DIAGONAL CRUZADA (DIREITA E ESQUERDA). ISSO RESULTA EM UM BLANK EXTREMAMENTE LEVE E POTENTE. O CABO Ã FEITO DE EVA DE ALTA DENSIDADE. AGORA, SOME TUDO E VOCÃ TERÃ UMA DAS MELHORES VARAS DO MERCADO MUNDIAL, AGORA NO BRASIL, MUITO FORTE, LEVE E QUE PROPORCIONA EXTREMA SENSIBILIDADE.",610L.JPG
KESTREL FINESSE SPINNING,KASTKING,KASTKING,VARA PARA MOLINETE,R$,"KASTKING KESTREL SPIN FINESSE SPINNING ROD 3 PEÃAS 6'8"" UL E KASTKING KESTREL SPINNING E ICE FISHING REEL 1000",KESTREL.JPG
VENZA FUSION,MARINE,MARINE,VARA PARA MOLINETE,"R$ 169,00",BLANK: FIBRA DE VÃDRO TUBULAR + PONTEIRA SÃLIDA INTEGRADA AO BLANK CABO: BIPARTIDO E INTEIRIÃO EM EVA REEL SEAT: MARINE PASSADORES E PONTEIRA: ÃXIDO DE ALUMÃNIO (RESISTENTES A MULTIFILAMENTOS) VNZF-S562MLM VNZF-S562MMHF VNZF-S601XHF VNZF-S601XXHF VNZF-S602MHF VNZF-S602HF VNZF-S662MHF VNZF-S662HF VNZF-S662XHF VNZF-S702MM VNZF-S702MHF VNZF-S702XHF,FUSION.JPG
BONÃ 90UP CASUAL,90UP,BASS BOAT,VESTUÃRIO,"R$ 129,00",MODELO DAD HAT POLIÃSTER E ALGODÃO TAMANHO ÃNICO MARCA REGISTRADA BASS BOAT E 90UP,90UP-C.JPG
BONÃ 90UP ROSA,90UP,BASS BOAT,VESTUÃRIO,"R$ 119,00",MODELO TRUCKER 100% POLIÃSTER TAMANHO ÃNICO MARCA REGISTRADA BASS BOAT E 90UP,90UP-R.JPG
CHAPÃU MZ-171,ALBATROZ,ALBATROZ FISHING,VESTUÃRIO,"R$ 107,00","MATERIAL LEVE, TRANSPIRÃVEL E DE SECAGEM RÃPIDA; FABRICADO EM POLYESTE PONGEE; COM PROTEÃÃO UV; ACOMPANHA ITENS ADAPTÃVEIS; FITA PARA AMARRAR COM REGULAGEM; PROTETOR DE ROSTO; PROTETOR DE PESCOÃO E NUCA; DISPONÃVEL EM TRÃS CORES: ROSA | CHUMBO | CINZA",MZ171.JPG
SAPATILHA AQURUN AZUL CLARO E VERDE ACQUA,AQURUN,AQURUN,VESTUÃRIO,"R$ 159,90","SAPATILHAS ESPECIAIS PARA LOCAIS ÃMIDOS E MOLHADOS. AS SAPATILHAS SÃO ULTRA LEVES, FLEXÃVEIS E NÃO RETÃM ÃGUA OU AREIA. IDEAIS PARA ESPORTES AQUÃTICOS, PESCA E PRAIA.",AQURUN.JPG
CAMISA FUSIONX BRK COM CAPUZ E PROTEÃÃO SOLAR UV50+ HOMOLOGADO,BRK,BRK FISHING,VESTUÃRIO,"R$ 199,90","A FUSIONX DA BRK FISHING Ã MAIS QUE UMA CAMISA, Ã UM EQUIPAMENTO DE ALTA PERFORMANCE PARA PESCADORES EXIGENTES. ? XTECH PROÂ® ? TECIDO COM TOQUE GELADO, SECAGEM ULTRA RÃPIDA E CONFORTO TÃRMICO. ? PROTEÃÃO SOLAR UV50+ HOMOLOGADO ? BLOQUEIA 98% DOS RAIOS SOLARES. ? PUNHO COM LUVA ? PROTEÃÃO EXTRA PARA AS MÃOS. ? BANDANA E CAPUZ INTEGRADO ? VENTILAÃÃO ? DESIGN EXCLUSIVO ? 20 ESTAMPAS EXCLUSIVAS.",FUSIONX.JPG
LOGO CAP,GRUPO WAKOKU / FLÃRIDA MARINE,JACKALL,VESTUÃRIO,"R$ 442,00","O BONÃ MAIS MODERNO E CONFORTÃVEL DO MERCADO! Ã IMPRESSIONANTE A LEVEZA DESSA PEÃA QUE TEM COMO UM DOS DESTAQUES A ABA. ESTA PARTE Ã FEITA COM UMA ESTRUTURA EM FORMATO DE COLMEIA. ELE VEM COM LOGOTIPO EMBORRACHADO DISCRETO E ELEGANTE, MAS QUE POSSUI UMA FORTE PRESENÃA, CARACTERÃSTICA DA MARCA.",LOGO-CAP.JPG
JIGGING GLOVES,GRUPO WAKOKU / FLÃRIDA MARINE,MAJOR CRAFT,VESTUÃRIO,"R$ 280,00","LUVA PARA GRANDES DESAFIOS! AS NOVAS LUVAS DA MAJOR CRAFT LEVAM EM CONSIDERAÃÃO AS NECESSIDADES PARA A PESCARIA QUE EXIGEM GRANDES ESFORÃOS COMO O JIGGING OU ENFRENTAR AS GRANDES ESPÃCIES MARINHAS. O DORSO DA MÃO Ã CONFECCIONADO EM MALHA COM EXCELENTE ELASTICIDADE E RESPIRABILIDADE. A PALMA Ã FEITA DE COURO SINTÃTICO ANTIDERRAPANTE E RESISTENTE AO DESGASTE, PROPORCIONANDO EXCELENTE ADERÃNCIA. O DEDO INDICADOR E O POLEGAR, PONTO QUE GERALMENTE TOCA A LINHA, RECEBEM MATERIAL REFORÃADO. TEM AJUSTE QUE NÃO INTERFERE NO MOVIMENTO DO PULSO, Ã FABRICADA COM NÃILON EM TRÃS TAMANHOS E EM DUAS CORES: PRETA E AZUL.",JIGGING.JPG
CALÃA STRECH,GRUPO WAKOKU / FLÃRIDA MARINE,BAIT,VESTUÃRIO,"R$ 299,00","SUPER LEVE E EXTREMAMENTE CONFORTÃVEL! A NOSSA CALÃA STRETCH Ã FEITA COM TECIDO COMPOSTO POR 92% DE POLIAMIDA E 8% DE ELASTANO, CERTIFICADA INTERNACIONALMENTE PELO SELO OEKO TEX STANDARD 100 EM ZURICH (SUÃÃA), GARANTINDO AUSÃNCIA DE SUBSTÃNCIAS NOCIVAS Ã PELE HUMANA, ESPECIALMENTE EM PRODUTOS DESTINADOS A BEBÃS E CRIANÃAS ATÃ 36 MESES. ESTA CALÃA PROPORCIONAM EXTREMO CONFORTO, FACILITANDO OS MOVIMENTOS. SEUS ZÃPERES LATERAIS PERMITEM VESTIR SEM REMOVER O CALÃADO E PODEM SER ENROLADAS ATÃ O JOELHO EM DIAS MAIS QUENTES. POSSUI BOLSO LATERAL E UM BOLSO COM ZÃPER PARA CARREGAR APENAS O NECESSÃRIO, E O REVESTIMENTO INTERNO DO BOLSO Ã EM POLIAMIDA.",STRECH.JPG
CAMISA CLASSIC PLUS,MAR NEGRO,MAR NEGRO,VESTUÃRIO,"R$ 299,00","ESSA SOFISTICADA CAMISA DE BOTÃO DA MAR NEGRO ASSINADA POR FERNANDO FISHER FOI DESENVOLVIDA PARA UM PÃBLICO MAIS EXIGENTE QUE ALÃM DE PROTEÃÃO , QUER UM ESTILO ÃNICO. FEITA NO TECIDO DE POLIAMIDA COM ELASTANO EXTREMAMENTE CONFORTÃVEL E GELADO, ELA VAI TE SURPREENDER",CLASSIC.JPG
CALÃA FLEX,MAR NEGRO,MAR NEGRO,VESTUÃRIO,"R$ 129,00","DESENVOLVIDA EM TECIDO DE POLIÃSTER COM ELASTANO E PROTEÃÃO 50+UV ESSE MAIS NOVO LANÃAMENTO DA MAR NEGRO Ã MUITO VERSÃTIL, TANTO PARA PRÃTICA DA PESCA QUANTO PRO SEU DIA A DIA! POSSUI 4 BOLSOS E CÃS AJUSTÃVEL COM CORDÃO. NÃO VIRA BERMUDA!",FLEX.JPG
X PROTECTION 360,MAR NEGRO,MAR NEGRO,VESTUÃRIO,"R$ 159,00","CAPUZ, BUFF, PUNHO LUVA, TOQUE GELADO 50 DE PROTEÃÃO UV SECAGEM RÃPIDA COSTURA REFORÃADA TECIDO 90% POLIAMIDA 10% ELASTANO PESO/GRAMATURA 150GMÂ² CONSTRUÃÃO 78/68 TRAMA DIAGONAL",PROTECTION.JPG
NANOTECH POLYAMIDA TECHNOLOGY,PRESA VIVA,PRESA VIVA,VESTUÃRIO,R$,"A TECNOLOGIA NANO TECH POSSUI 80% DE POLIAMIDA E 20% ELASTANO, GARANTINDO DURABILIDADE E ELASTICIDADE SUPERIORES. POSSUI CAPUZ E PASSANTE PARA OS DEDOS, COM PROTEÃÃO SOLAR 50+ FPS>",NANOTECH.JPG
GRAPHICLINE POLYAMIDE TECHNOLOGY,PRESA VIVA,PRESA VIVA,VESTUÃRIO,R$,"A TECNOLOGIA DAS CAMISAS GRAPHICLINE SE MANTÃM AOS DA NANO TECH COM PROTEÃÃO UV 50+ FPS, COMBINANDO 80% DE POLIAMIDA E 20% DE ELASTANO, DURABILIDADE E ELASTICIDADE. A CAMISA DE MANGA LONGA OFERECE CONFORTO, MOBILIDADE E OPÃÃES COM CAPUZ E PASSANTE DE DEDO, COM O DIFERENCIAL DE TEXTURAS VISUAIS EXCLUSIVAS NO TECIDO",GRAPHICLINE.JPG
DRYFLEX TECHNOLOGY -,PRESA VIVA,PRESA VIVA,VESTUÃRIO,R$,"NOSSA NOVA TECNOLOGIA DRY FLEX COMBINA 92% DE POLYESTER E 8% DE ELASTANO, OFERECENDO MAXIMA LEVEZA, ELASTICIDADE E CONFORTO. IDEAL PARA ATIVIDADES AO AR LIBRE, O TECIDO PROPORCIONA PROTEÃÃO SOLAR 50+ FPS, MANTENDO VOCÃ PROTEGIDO NOS DIAS MAIS INTENSOS. MOBILIDADE, RESPIRABILIDADE E DESEMPENHO EM UM SÃ PRODUTO. CONTROLE TÃRMICO, ZIPER,SECAGEM RÃPIDA",DRYFLEX.JPG
